2026-09-08 17:19:39 [INF] Consumer is listening to topic field-reports
2026-09-08 17:19:40 [INF] Report REP-0001 is valid
2026-09-08 17:19:40 [INF] Report REP-0002 is valid
2026-09-08 17:19:40 [INF] Report REP-0003 is valid
2026-09-08 17:19:40 [INF] Report REP-0004 is valid
2026-09-08 17:19:40 [INF] Report REP-0005 is valid
2026-09-08 17:19:40 [INF] Report REP-0006 is valid
2026-09-08 17:19:40 [INF] Report REP-0007 is valid
2026-09-08 17:19:40 [INF] Report REP-0008 is valid
2026-09-08 17:19:40 [INF] Report REP-0009 is valid
2026-09-08 17:19:40 [INF] Report REP-0010 is valid
2026-09-08 17:19:40 [INF] Report REP-0011 is valid
2026-09-08 17:19:40 [INF] Report REP-0012 is valid
2026-09-08 17:19:40 [INF] Report REP-0013 is valid
2026-09-08 17:19:40 [INF] Report REP-0014 is valid
2026-09-08 17:19:40 [INF] Report REP-0015 is valid
2026-09-08 17:19:40 [INF] Report REP-0016 is valid
2026-09-08 17:19:40 [INF] Report REP-0017 is valid
2026-09-08 17:19:40 [INF] Report REP-0018 is valid
2026-09-08 17:19:40 [INF] Report REP-0019 is valid
2026-09-08 17:19:40 [INF] Report REP-0020 is valid
2026-09-08 17:19:40 [INF] Report REP-0021 is valid
2026-09-08 17:19:40 [INF] Report REP-0022 is valid
2026-09-08 17:19:40 [INF] Report REP-0023 is valid
2026-09-08 17:19:40 [INF] Report REP-0024 is valid
2026-09-08 17:19:40 [INF] Report REP-0025 is valid
2026-09-08 17:19:40 [INF] Report REP-0026 is valid
2026-09-08 17:19:40 [INF] Report REP-0027 is valid
2026-09-08 17:19:40 [INF] Report REP-0028 is valid
2026-09-08 17:19:40 [INF] Report REP-0029 is valid
2026-09-08 17:19:40 [INF] Report REP-0030 is valid
2026-09-08 17:19:40 [INF] Report REP-0031 is valid
2026-09-08 17:19:40 [INF] Report REP-0032 is valid
2026-09-08 17:19:40 [INF] Report REP-0033 is valid
2026-09-08 17:19:40 [INF] Report REP-0034 is valid
2026-09-08 17:19:40 [INF] Report REP-0035 is valid
2026-09-08 17:19:40 [INF] Report REP-0036 is valid
2026-09-08 17:19:40 [INF] Report REP-0037 is valid
2026-09-08 17:19:40 [INF] Report REP-0038 is valid
2026-09-08 17:19:40 [INF] Report REP-0039 is valid
2026-09-08 17:19:40 [INF] Report REP-0040 is valid
2026-09-08 17:19:40 [INF] Report REP-0041 is valid
2026-09-08 17:19:40 [INF] Report REP-0042 is valid
2026-09-08 17:19:40 [INF] Report REP-0043 is valid
2026-09-08 17:19:40 [INF] Report REP-0044 is valid
2026-09-08 17:19:40 [INF] Report REP-0045 is valid
2026-09-08 17:19:40 [INF] Report REP-0046 is valid
2026-09-08 17:19:40 [INF] Report REP-0047 is valid
2026-09-08 17:19:40 [INF] Report REP-0048 is valid
2026-09-08 17:19:40 [INF] Report REP-0049 is valid
2026-09-08 17:19:40 [INF] Report REP-0050 is valid
2026-09-08 17:19:40 [INF] Report REP-0051 is valid
2026-09-08 17:19:40 [INF] Report REP-0052 is valid
2026-09-08 17:19:40 [INF] Report REP-0053 is valid
2026-09-08 17:19:40 [INF] Report REP-0054 is valid
2026-09-08 17:19:40 [INF] Report REP-0055 is valid
2026-09-08 17:19:40 [INF] Report REP-0056 is valid
2026-09-08 17:19:40 [INF] Report REP-0057 is valid
2026-09-08 17:19:40 [INF] Report REP-0058 is valid
2026-09-08 17:19:40 [INF] Report REP-0059 is valid
2026-09-08 17:19:40 [INF] Report REP-0060 is valid
2026-09-08 17:19:40 [INF] Report REP-0061 is valid
2026-09-08 17:19:40 [INF] Report REP-0062 is valid
2026-09-08 17:19:40 [INF] Report REP-0063 is valid
2026-09-08 17:19:40 [INF] Report REP-0064 is valid
2026-09-08 17:19:40 [INF] Report REP-0065 is valid
2026-09-08 17:19:40 [INF] Report REP-0066 is valid
2026-09-08 17:19:40 [INF] Report REP-0067 is valid
2026-09-08 17:19:40 [INF] Report REP-0068 is valid
2026-09-08 17:19:40 [INF] Report REP-0069 is valid
2026-09-08 17:19:40 [INF] Report REP-0070 is valid
2026-09-08 17:19:40 [INF] Report REP-0071 is valid
2026-09-08 17:19:40 [INF] Report REP-0072 is valid
2026-09-08 17:19:40 [INF] Report REP-0073 is valid
2026-09-08 17:19:40 [INF] Report REP-0074 is valid
2026-09-08 17:19:40 [INF] Report REP-0075 is valid
2026-09-08 17:19:40 [INF] Report REP-0076 is valid
2026-09-08 17:19:40 [INF] Report REP-0077 is valid
2026-09-08 17:19:40 [INF] Report REP-0078 is valid
2026-09-08 17:19:40 [INF] Report REP-0079 is valid
2026-09-08 17:19:40 [INF] Report REP-0080 is valid
2026-09-08 17:19:40 [INF] Report REP-0081 is valid
2026-09-08 17:19:40 [INF] Report REP-0082 is valid
2026-09-08 17:19:40 [INF] Report REP-0083 is valid
2026-09-08 17:19:40 [INF] Report REP-0084 is valid
2026-09-08 17:19:40 [INF] Report REP-0085 is valid
2026-09-08 17:19:40 [INF] Report REP-0086 is valid
2026-09-08 17:19:40 [INF] Report REP-0087 is valid
2026-09-08 17:19:40 [INF] Report REP-0088 is valid
2026-09-08 17:19:40 [INF] Report REP-0089 is valid
2026-09-08 17:19:40 [INF] Report REP-0090 is valid
2026-09-08 17:19:40 [INF] Report REP-0091 is valid
2026-09-08 17:19:40 [INF] Report REP-0092 is valid
2026-09-08 17:19:40 [INF] Report REP-0093 is valid
2026-09-08 17:19:40 [INF] Report REP-0094 is valid
2026-09-08 17:19:40 [INF] Report REP-0095 is valid
2026-09-08 17:19:40 [INF] Report REP-0096 is valid
2026-09-08 17:19:40 [INF] Report REP-0097 is valid
2026-09-08 17:19:40 [INF] Report REP-0098 is valid
2026-09-08 17:19:40 [INF] Report REP-0099 is valid
2026-09-08 17:19:40 [INF] Report REP-0100 is valid
2026-09-08 17:19:40 [INF] Report REP-0101 is valid
2026-09-08 17:19:40 [INF] Report REP-0102 is valid
2026-09-08 17:19:40 [INF] Report REP-0103 is valid
2026-09-08 17:19:40 [INF] Report REP-0104 is valid
2026-09-08 17:19:40 [INF] Report REP-0105 is valid
2026-09-08 17:19:40 [INF] Report REP-0106 is valid
2026-09-08 17:19:40 [INF] Report REP-0107 is valid
2026-09-08 17:19:40 [INF] Report REP-0108 is valid
2026-09-08 17:19:40 [INF] Report REP-0109 is valid
2026-09-08 17:19:40 [INF] Report REP-0110 is valid
2026-09-08 17:19:40 [INF] Report REP-0111 is valid
2026-09-08 17:19:40 [INF] Report REP-0112 is valid
2026-09-08 17:19:40 [INF] Report REP-0113 is valid
2026-09-08 17:19:40 [INF] Report REP-0114 is valid
2026-09-08 17:19:40 [INF] Report REP-0115 is valid
2026-09-08 17:19:40 [INF] Report REP-0116 is valid
2026-09-08 17:19:40 [INF] Report REP-0117 is valid
2026-09-08 17:19:40 [INF] Report REP-0118 is valid
2026-09-08 17:19:40 [INF] Report REP-0119 is valid
2026-09-08 17:19:40 [INF] Report REP-0120 is valid
2026-09-08 17:19:40 [INF] Report REP-0121 is valid
2026-09-08 17:19:40 [INF] Report REP-0122 is valid
2026-09-08 17:19:40 [INF] Report REP-0123 is valid
2026-09-08 17:19:40 [INF] Report REP-0124 is valid
2026-09-08 17:19:40 [INF] Report REP-0125 is valid
2026-09-08 17:19:40 [INF] Report REP-0126 is valid
2026-09-08 17:19:40 [INF] Report REP-0127 is valid
2026-09-08 17:19:40 [INF] Report REP-0128 is valid
2026-09-08 17:19:40 [INF] Report REP-0129 is valid
2026-09-08 17:19:40 [INF] Report REP-0130 is valid
2026-09-08 17:19:40 [INF] Report REP-0131 is valid
2026-09-08 17:19:40 [INF] Report REP-0132 is valid
2026-09-08 17:19:40 [INF] Report REP-0133 is valid
2026-09-08 17:19:40 [INF] Report REP-0134 is valid
2026-09-08 17:19:40 [INF] Report REP-0135 is valid
2026-09-08 17:19:40 [INF] Report REP-0136 is valid
2026-09-08 17:19:40 [INF] Report REP-0137 is valid
2026-09-08 17:19:40 [INF] Report REP-0138 is valid
2026-09-08 17:19:40 [INF] Report REP-0139 is valid
2026-09-08 17:19:40 [INF] Report REP-0140 is valid
2026-09-08 17:19:40 [INF] Report REP-0141 is valid
2026-09-08 17:19:40 [INF] Report REP-0142 is valid
2026-09-08 17:19:40 [INF] Report REP-0143 is valid
2026-09-08 17:19:40 [INF] Report REP-0144 is valid
2026-09-08 17:19:40 [INF] Report REP-0145 is valid
2026-09-08 17:19:40 [INF] Report REP-0146 is valid
2026-09-08 17:19:40 [INF] Report REP-0147 is valid
2026-09-08 17:19:40 [INF] Report REP-0148 is valid
2026-09-08 17:19:40 [INF] Report REP-0149 is valid
2026-09-08 17:19:40 [INF] Report REP-0150 is valid
2026-09-08 17:19:40 [INF] Report REP-0151 is valid
2026-09-08 17:19:40 [INF] Report REP-0152 is valid
2026-09-08 17:19:40 [INF] Report REP-0153 is valid
2026-09-08 17:19:40 [INF] Report REP-0154 is valid
2026-09-08 17:19:40 [INF] Report REP-0155 is valid
2026-09-08 17:19:40 [INF] Report REP-0156 is valid
2026-09-08 17:19:40 [INF] Report REP-0157 is valid
2026-09-08 17:19:40 [INF] Report REP-0158 is valid
2026-09-08 17:19:40 [INF] Report REP-0159 is valid
2026-09-08 17:19:40 [INF] Report REP-0160 is valid
2026-09-08 17:19:40 [INF] Report REP-0161 is valid
2026-09-08 17:19:40 [INF] Report REP-0162 is valid
2026-09-08 17:19:40 [INF] Report REP-0163 is valid
2026-09-08 17:19:40 [INF] Report REP-0164 is valid
2026-09-08 17:19:40 [INF] Report REP-0165 is valid
2026-09-08 17:19:40 [INF] Report REP-0166 is valid
2026-09-08 17:19:40 [INF] Report REP-0167 is valid
2026-09-08 17:19:40 [INF] Report REP-0168 is valid
2026-09-08 17:19:40 [INF] Report REP-0169 is valid
2026-09-08 17:19:40 [INF] Report REP-0170 is valid
2026-09-08 17:19:40 [INF] Report REP-0171 is valid
2026-09-08 17:19:40 [INF] Report REP-0172 is valid
2026-09-08 17:19:40 [INF] Report REP-0173 is valid
2026-09-08 17:19:40 [INF] Report REP-0174 is valid
2026-09-08 17:19:40 [INF] Report REP-0175 is valid
2026-09-08 17:19:40 [INF] Report REP-0176 is valid
2026-09-08 17:19:40 [INF] Report REP-0177 is valid
2026-09-08 17:19:40 [INF] Report REP-0178 is valid
2026-09-08 17:19:40 [INF] Report REP-0179 is valid
2026-09-08 17:19:40 [INF] Report REP-0180 is valid
2026-09-08 17:19:40 [INF] Report REP-0181 is valid
2026-09-08 17:19:40 [INF] Report REP-0182 is valid
2026-09-08 17:19:40 [INF] Report REP-0183 is valid
2026-09-08 17:19:40 [INF] Report REP-0184 is valid
2026-09-08 17:19:40 [INF] Report REP-0185 is valid
2026-09-08 17:19:40 [INF] Report REP-0186 is valid
2026-09-08 17:19:40 [INF] Report REP-0187 is valid
2026-09-08 17:19:40 [INF] Report REP-0188 is valid
2026-09-08 17:19:40 [INF] Report REP-0189 is valid
2026-09-08 17:19:40 [INF] Report REP-0190 is valid
2026-09-08 17:19:40 [INF] Report REP-0191 is valid
2026-09-08 17:19:40 [INF] Report REP-0192 is valid
2026-09-08 17:19:40 [INF] Report REP-0193 is valid
2026-09-08 17:19:40 [INF] Report REP-0194 is valid
2026-09-08 17:19:40 [INF] Report REP-0195 is valid
2026-09-08 17:19:40 [INF] Report REP-0196 is valid
2026-09-08 17:19:40 [INF] Report REP-0197 is valid
2026-09-08 17:19:40 [INF] Report REP-0198 is valid
2026-09-08 17:19:40 [INF] Report REP-0199 is valid
2026-09-08 17:19:40 [INF] Report REP-0200 is valid
2026-09-08 17:19:40 [INF] Report REP-0201 is valid
2026-09-08 17:19:40 [INF] Report REP-0202 is valid
2026-09-08 17:19:40 [INF] Report REP-0203 is valid
2026-09-08 17:19:40 [INF] Report REP-0204 is valid
2026-09-08 17:19:40 [INF] Report REP-0205 is valid
2026-09-08 17:19:40 [INF] Report REP-0206 is valid
2026-09-08 17:19:40 [INF] Report REP-0207 is valid
2026-09-08 17:19:40 [INF] Report REP-0208 is valid
2026-09-08 17:19:40 [INF] Report REP-0209 is valid
2026-09-08 17:19:40 [INF] Report REP-0210 is valid
2026-09-08 17:19:40 [INF] Report REP-0211 is valid
2026-09-08 17:19:40 [INF] Report REP-0212 is valid
2026-09-08 17:19:40 [INF] Report REP-0213 is valid
2026-09-08 17:19:40 [INF] Report REP-0214 is valid
2026-09-08 17:19:40 [INF] Report REP-0215 is valid
2026-09-08 17:19:40 [INF] Report REP-0216 is valid
2026-09-08 17:19:40 [INF] Report REP-0217 is valid
2026-09-08 17:19:40 [INF] Report REP-0218 is valid
2026-09-08 17:19:40 [INF] Report REP-0219 is valid
2026-09-08 17:19:40 [INF] Report REP-0220 is valid
2026-09-08 17:19:40 [INF] Report REP-0221 is valid
2026-09-08 17:19:40 [INF] Report REP-0222 is valid
2026-09-08 17:19:40 [INF] Report REP-0223 is valid
2026-09-08 17:19:40 [INF] Report REP-0224 is valid
2026-09-08 17:19:40 [INF] Report REP-0225 is valid
2026-09-08 17:19:40 [INF] Report REP-0226 is valid
2026-09-08 17:19:40 [INF] Report REP-0227 is valid
2026-09-08 17:19:40 [INF] Report REP-0228 is valid
2026-09-08 17:19:40 [INF] Report REP-0229 is valid
2026-09-08 17:19:40 [INF] Report REP-0230 is valid
2026-09-08 17:19:40 [INF] Report REP-0231 is valid
2026-09-08 17:19:40 [INF] Report REP-0232 is valid
2026-09-08 17:19:40 [INF] Report REP-0233 is valid
2026-09-08 17:19:40 [INF] Report REP-0234 is valid
2026-09-08 17:19:40 [INF] Report REP-0235 is valid
2026-09-08 17:19:40 [INF] Report REP-0236 is valid
2026-09-08 17:19:40 [INF] Report REP-0237 is valid
2026-09-08 17:19:40 [INF] Report REP-0238 is valid
2026-09-08 17:19:40 [INF] Report REP-0239 is valid
2026-09-08 17:19:40 [INF] Report REP-0240 is valid
2026-09-08 17:19:40 [INF] Report REP-0241 is valid
2026-09-08 17:19:40 [INF] Report REP-0242 is valid
2026-09-08 17:19:40 [INF] Report REP-0243 is valid
2026-09-08 17:19:40 [INF] Report REP-0244 is valid
2026-09-08 17:19:40 [INF] Report REP-0245 is valid
2026-09-08 17:19:40 [INF] Report REP-0246 is valid
2026-09-08 17:19:40 [INF] Report REP-0247 is valid
2026-09-08 17:19:40 [INF] Report REP-0248 is valid
2026-09-08 17:19:40 [INF] Report REP-0249 is valid
2026-09-08 17:19:40 [INF] Report REP-0250 is valid
2026-09-08 17:19:40 [INF] Report REP-0251 is valid
2026-09-08 17:19:40 [INF] Report REP-0252 is valid
2026-09-08 17:19:40 [INF] Report REP-0253 is valid
2026-09-08 17:19:40 [INF] Report REP-0254 is valid
2026-09-08 17:19:40 [INF] Report REP-0255 is valid
2026-09-08 17:19:40 [INF] Report REP-0256 is valid
2026-09-08 17:19:40 [INF] Report REP-0257 is valid
2026-09-08 17:19:40 [INF] Report REP-0258 is valid
2026-09-08 17:19:40 [INF] Report REP-0259 is valid
2026-09-08 17:19:40 [INF] Report REP-0260 is valid
2026-09-08 17:19:40 [INF] Report REP-0261 is valid
2026-09-08 17:19:40 [INF] Report REP-0262 is valid
2026-09-08 17:19:40 [INF] Report REP-0263 is valid
2026-09-08 17:19:40 [INF] Report REP-0264 is valid
2026-09-08 17:19:40 [INF] Report REP-0265 is valid
2026-09-08 17:19:40 [INF] Report REP-0266 is valid
2026-09-08 17:19:40 [INF] Report REP-0267 is valid
2026-09-08 17:19:40 [INF] Report REP-0268 is valid
2026-09-08 17:19:40 [INF] Report REP-0269 is valid
2026-09-08 17:19:40 [INF] Report REP-0270 is valid
2026-09-08 17:19:40 [INF] Report REP-0271 is valid
2026-09-08 17:19:40 [INF] Report REP-0272 is valid
2026-09-08 17:19:40 [INF] Report REP-0273 is valid
2026-09-08 17:19:40 [INF] Report REP-0274 is valid
2026-09-08 17:19:40 [INF] Report REP-0275 is valid
2026-09-08 17:19:40 [INF] Report REP-0276 is valid
2026-09-08 17:19:40 [INF] Report REP-0277 is valid
2026-09-08 17:19:40 [INF] Report REP-0278 is valid
2026-09-08 17:19:40 [INF] Report REP-0279 is valid
2026-09-08 17:19:40 [INF] Report REP-0280 is valid
2026-09-08 17:19:40 [INF] Report REP-0281 is valid
2026-09-08 17:19:40 [INF] Report REP-0282 is valid
2026-09-08 17:19:40 [INF] Report REP-0283 is valid
2026-09-08 17:19:40 [INF] Report REP-0284 is valid
2026-09-08 17:19:40 [INF] Report REP-0285 is valid
2026-09-08 17:19:40 [INF] Report REP-0286 is valid
2026-09-08 17:19:40 [INF] Report REP-0287 is valid
2026-09-08 17:19:40 [INF] Report REP-0288 is valid
2026-09-08 17:19:40 [INF] Report REP-0289 is valid
2026-09-08 17:19:40 [INF] Report REP-0290 is valid
2026-09-08 17:19:40 [INF] Report REP-0291 is valid
2026-09-08 17:19:40 [INF] Report REP-0292 is valid
2026-09-08 17:19:40 [INF] Report REP-0293 is valid
2026-09-08 17:19:40 [INF] Report REP-0294 is valid
2026-09-08 17:19:40 [INF] Report REP-0295 is valid
2026-09-08 17:19:40 [INF] Report REP-0296 is valid
2026-09-08 17:19:40 [INF] Report REP-0297 is valid
2026-09-08 17:19:40 [INF] Report REP-0298 is valid
2026-09-08 17:19:40 [INF] Report REP-0299 is valid
2026-09-08 17:19:40 [INF] Report REP-0300 is valid
2026-09-08 17:19:40 [INF] Report REP-0301 is valid
2026-09-08 17:19:40 [INF] Report REP-0302 is valid
2026-09-08 17:19:40 [INF] Report REP-0303 is valid
2026-09-08 17:19:40 [INF] Report REP-0304 is valid
2026-09-08 17:19:40 [INF] Report REP-0305 is valid
2026-09-08 17:19:40 [INF] Report REP-0306 is valid
2026-09-08 17:19:40 [INF] Report REP-0307 is valid
2026-09-08 17:19:40 [INF] Report REP-0308 is valid
2026-09-08 17:19:40 [INF] Report REP-0309 is valid
2026-09-08 17:19:40 [INF] Report REP-0310 is valid
2026-09-08 17:19:40 [INF] Report REP-0311 is valid
2026-09-08 17:19:40 [INF] Report REP-0312 is valid
2026-09-08 17:19:40 [INF] Report REP-0313 is valid
2026-09-08 17:19:40 [INF] Report REP-0314 is valid
2026-09-08 17:19:40 [INF] Report REP-0315 is valid
2026-09-08 17:19:40 [INF] Report REP-0316 is valid
2026-09-08 17:19:40 [INF] Report REP-0317 is valid
2026-09-08 17:19:40 [INF] Report REP-0318 is valid
2026-09-08 17:19:40 [INF] Report REP-0319 is valid
2026-09-08 17:19:40 [INF] Report REP-0320 is valid
2026-09-08 17:19:40 [INF] Report REP-0321 is valid
2026-09-08 17:19:40 [INF] Report REP-0322 is valid
2026-09-08 17:19:40 [INF] Report REP-0323 is valid
2026-09-08 17:19:40 [INF] Report REP-0324 is valid
2026-09-08 17:19:40 [INF] Report REP-0325 is valid
2026-09-08 17:19:40 [INF] Report REP-0326 is valid
2026-09-08 17:19:40 [INF] Report REP-0327 is valid
2026-09-08 17:19:40 [INF] Report REP-0328 is valid
2026-09-08 17:19:40 [INF] Report REP-0329 is valid
2026-09-08 17:19:40 [INF] Report REP-0330 is valid
2026-09-08 17:19:40 [INF] Report REP-0331 is valid
2026-09-08 17:19:40 [INF] Report REP-0332 is valid
2026-09-08 17:19:40 [INF] Report REP-0333 is valid
2026-09-08 17:19:40 [INF] Report REP-0334 is valid
2026-09-08 17:19:40 [INF] Report REP-0335 is valid
2026-09-08 17:19:40 [INF] Report REP-0336 is valid
2026-09-08 17:19:40 [INF] Report REP-0337 is valid
2026-09-08 17:19:40 [INF] Report REP-0338 is valid
2026-09-08 17:19:40 [INF] Report REP-0339 is valid
2026-09-08 17:19:40 [INF] Report REP-0340 is valid
2026-09-08 17:19:40 [INF] Report REP-0341 is valid
2026-09-08 17:19:40 [INF] Report REP-0342 is valid
2026-09-08 17:19:40 [INF] Report REP-0343 is valid
2026-09-08 17:19:40 [INF] Report REP-0344 is valid
2026-09-08 17:19:40 [INF] Report REP-0345 is valid
2026-09-08 17:19:40 [INF] Report REP-0346 is valid
2026-09-08 17:19:40 [INF] Report REP-0347 is valid
2026-09-08 17:19:40 [INF] Report REP-0348 is valid
2026-09-08 17:19:40 [INF] Report REP-0349 is valid
2026-09-08 17:19:40 [INF] Report REP-0350 is valid
2026-09-08 17:19:40 [INF] Report REP-0351 is valid
2026-09-08 17:19:40 [INF] Report REP-0352 is valid
2026-09-08 17:19:40 [INF] Report REP-0353 is valid
2026-09-08 17:19:40 [INF] Report REP-0354 is valid
2026-09-08 17:19:40 [INF] Report REP-0355 is valid
2026-09-08 17:19:40 [INF] Report REP-0356 is valid
2026-09-08 17:19:40 [INF] Report REP-0357 is valid
2026-09-08 17:19:40 [INF] Report REP-0358 is valid
2026-09-08 17:19:40 [INF] Report REP-0359 is valid
2026-09-08 17:19:40 [INF] Report REP-0360 is valid
2026-09-08 17:19:40 [INF] Report REP-0361 is valid
2026-09-08 17:19:40 [INF] Report REP-0362 is valid
2026-09-08 17:19:40 [INF] Report REP-0363 is valid
2026-09-08 17:19:40 [INF] Report REP-0364 is valid
2026-09-08 17:19:40 [INF] Report REP-0365 is valid
2026-09-08 17:19:40 [INF] Report REP-0366 is valid
2026-09-08 17:19:40 [INF] Report REP-0367 is valid
2026-09-08 17:19:40 [INF] Report REP-0368 is valid
2026-09-08 17:19:40 [INF] Report REP-0369 is valid
2026-09-08 17:19:40 [INF] Report REP-0370 is valid
2026-09-08 17:19:40 [INF] Report REP-0371 is valid
2026-09-08 17:19:40 [INF] Report REP-0372 is valid
2026-09-08 17:19:40 [INF] Report REP-0373 is valid
2026-09-08 17:19:40 [INF] Report REP-0374 is valid
2026-09-08 17:19:40 [INF] Report REP-0375 is valid
2026-09-08 17:19:40 [INF] Report REP-0376 is valid
2026-09-08 17:19:40 [INF] Report REP-0377 is valid
2026-09-08 17:19:40 [INF] Report REP-0378 is valid
2026-09-08 17:19:40 [INF] Report REP-0379 is valid
2026-09-08 17:19:40 [INF] Report REP-0380 is valid
2026-09-08 17:19:40 [INF] Report REP-0381 is valid
2026-09-08 17:19:40 [INF] Report REP-0382 is valid
2026-09-08 17:19:40 [INF] Report REP-0383 is valid
2026-09-08 17:19:40 [INF] Report REP-0384 is valid
2026-09-08 17:19:40 [INF] Report REP-0385 is valid
2026-09-08 17:19:40 [INF] Report REP-0386 is valid
2026-09-08 17:19:40 [INF] Report REP-0387 is valid
2026-09-08 17:19:40 [INF] Report REP-0388 is valid
2026-09-08 17:19:40 [INF] Report REP-0389 is valid
2026-09-08 17:19:40 [INF] Report REP-0390 is valid
2026-09-08 17:19:40 [INF] Report REP-0391 is valid
2026-09-08 17:19:40 [INF] Report REP-0392 is valid
2026-09-08 17:19:40 [INF] Report REP-0393 is valid
2026-09-08 17:19:40 [INF] Report REP-0394 is valid
2026-09-08 17:19:40 [INF] Report REP-0395 is valid
2026-09-08 17:19:40 [INF] Report REP-0396 is valid
2026-09-08 17:19:40 [INF] Report REP-0397 is valid
2026-09-08 17:19:40 [INF] Report REP-0398 is valid
2026-09-08 17:19:40 [INF] Report REP-0399 is valid
2026-09-08 17:19:40 [INF] Report REP-0400 is valid
2026-09-08 17:19:40 [WRN] Report REP-0401 rejected: message is missing
2026-09-08 17:19:40 [WRN] Report REP-0402 rejected: unit is missing
2026-09-08 17:19:40 [WRN] Report REP-0403 rejected: sourceType is missing
2026-09-08 17:19:40 [WRN] Report REP-0404 rejected: message is missing
2026-09-08 17:19:40 [WRN] Report REP-0405 rejected: theater is missing
2026-09-08 17:19:40 [WRN] Report rejected because the JSON is invalid: The JSON value could not be converted to System.Nullable`1[Consumer.Models.ReportType]. Path: $.reportType | LineNumber: 0 | BytePositionInLine: 188.
2026-09-08 17:19:40 [WRN] Report rejected because the JSON is invalid: The JSON value could not be converted to System.Nullable`1[System.DateTimeOffset]. Path: $.timestamp | LineNumber: 0 | BytePositionInLine: 36.
2026-09-08 17:19:40 [WRN] Report rejected because the JSON is invalid: The JSON value could not be converted to System.Nullable`1[System.DateTimeOffset]. Path: $.timestamp | LineNumber: 0 | BytePositionInLine: 33.
2026-09-08 17:19:40 [WRN] Report rejected because the JSON is invalid: The JSON value could not be converted to System.Nullable`1[Consumer.Models.ReportPriority]. Path: $.priority | LineNumber: 0 | BytePositionInLine: 212.
2026-09-08 17:19:40 [WRN] Report REP-0410 rejected: priority 'HIGH' is not allowed
2026-09-08 17:19:40 [WRN] Report rejected because the JSON is invalid: The JSON value could not be converted to System.Nullable`1[Consumer.Models.ReportType]. Path: $.reportType | LineNumber: 0 | BytePositionInLine: 194.
2026-09-08 17:19:40 [WRN] Report rejected because the JSON is invalid: The JSON value could not be converted to System.Nullable`1[Consumer.Models.ReportType]. Path: $.reportType | LineNumber: 0 | BytePositionInLine: 190.
2026-09-08 17:19:40 [INF] Report REP-0413 is valid
2026-09-08 17:19:40 [INF] Report REP-0414 is valid
2026-09-08 17:19:40 [WRN] Report REP-0415 rejected: subjectId and subjectType must appear together
2026-09-08 17:19:40 [WRN] Report REP-0416 rejected: subjectId and subjectType must appear together
2026-09-08 17:19:40 [WRN] Report REP-0417 rejected: subjectId and subjectType must appear together
2026-09-08 17:19:40 [WRN] Report REP-0418 rejected: subjectId and subjectType must appear together
2026-09-08 17:19:40 [INF] Report REP-0419 is valid
2026-09-08 17:19:40 [INF] Report REP-0420 is valid
2026-09-08 17:19:40 [INF] Report REP-0001 is valid
2026-09-08 17:19:40 [INF] Report REP-0002 is valid
2026-09-08 17:19:40 [INF] Report REP-0003 is valid
2026-09-08 17:19:40 [INF] Report REP-0004 is valid
2026-09-08 17:19:40 [INF] Report REP-0005 is valid
2026-09-08 17:19:40 [INF] Report REP-0006 is valid
2026-09-08 17:19:40 [INF] Report REP-0007 is valid
2026-09-08 17:19:40 [INF] Report REP-0008 is valid
2026-09-08 17:19:40 [INF] Report REP-0009 is valid
2026-09-08 17:19:40 [INF] Report REP-0010 is valid
2026-09-08 17:19:40 [INF] Report REP-0011 is valid
2026-09-08 17:19:40 [INF] Report REP-0012 is valid
2026-09-08 17:19:40 [INF] Report REP-0013 is valid
2026-09-08 17:19:40 [INF] Report REP-0014 is valid
2026-09-08 17:19:40 [INF] Report REP-0015 is valid
2026-09-08 17:19:40 [INF] Report REP-0016 is valid
2026-09-08 17:19:40 [INF] Report REP-0017 is valid
2026-09-08 17:19:40 [INF] Report REP-0018 is valid
2026-09-08 17:19:40 [INF] Report REP-0019 is valid
2026-09-08 17:19:40 [INF] Report REP-0020 is valid
2026-09-08 17:19:40 [INF] Report REP-0021 is valid
2026-09-08 17:19:40 [INF] Report REP-0022 is valid
2026-09-08 17:19:40 [INF] Report REP-0023 is valid
2026-09-08 17:19:40 [INF] Report REP-0024 is valid
2026-09-08 17:19:40 [INF] Report REP-0025 is valid
2026-09-08 17:19:40 [INF] Report REP-0026 is valid
2026-09-08 17:19:40 [INF] Report REP-0027 is valid
2026-09-08 17:19:40 [INF] Report REP-0028 is valid
2026-09-08 17:19:40 [INF] Report REP-0029 is valid
2026-09-08 17:19:40 [INF] Report REP-0030 is valid
2026-09-08 17:19:40 [INF] Report REP-0031 is valid
2026-09-08 17:19:40 [INF] Report REP-0032 is valid
2026-09-08 17:19:40 [INF] Report REP-0033 is valid
2026-09-08 17:19:40 [INF] Report REP-0034 is valid
2026-09-08 17:19:40 [INF] Report REP-0035 is valid
2026-09-08 17:19:40 [INF] Report REP-0036 is valid
2026-09-08 17:19:40 [INF] Report REP-0037 is valid
2026-09-08 17:19:40 [INF] Report REP-0038 is valid
2026-09-08 17:19:40 [INF] Report REP-0039 is valid
2026-09-08 17:19:40 [INF] Report REP-0040 is valid
2026-09-08 17:19:40 [INF] Report REP-0041 is valid
2026-09-08 17:19:40 [INF] Report REP-0042 is valid
2026-09-08 17:19:40 [INF] Report REP-0043 is valid
2026-09-08 17:19:40 [INF] Report REP-0044 is valid
2026-09-08 17:19:40 [INF] Report REP-0045 is valid
2026-09-08 17:19:40 [INF] Report REP-0046 is valid
2026-09-08 17:19:40 [INF] Report REP-0047 is valid
2026-09-08 17:19:40 [INF] Report REP-0048 is valid
2026-09-08 17:19:40 [INF] Report REP-0049 is valid
2026-09-08 17:19:40 [INF] Report REP-0050 is valid
2026-09-08 17:19:40 [INF] Report REP-0051 is valid
2026-09-08 17:19:40 [INF] Report REP-0052 is valid
2026-09-08 17:19:40 [INF] Report REP-0053 is valid
2026-09-08 17:19:40 [INF] Report REP-0054 is valid
2026-09-08 17:19:40 [INF] Report REP-0055 is valid
2026-09-08 17:19:40 [INF] Report REP-0056 is valid
2026-09-08 17:19:40 [INF] Report REP-0057 is valid
2026-09-08 17:19:40 [INF] Report REP-0058 is valid
2026-09-08 17:19:40 [INF] Report REP-0059 is valid
2026-09-08 17:19:40 [INF] Report REP-0060 is valid
2026-09-08 17:19:40 [INF] Report REP-0061 is valid
2026-09-08 17:19:40 [INF] Report REP-0062 is valid
2026-09-08 17:19:40 [INF] Report REP-0063 is valid
2026-09-08 17:19:40 [INF] Report REP-0064 is valid
2026-09-08 17:19:40 [INF] Report REP-0065 is valid
2026-09-08 17:19:40 [INF] Report REP-0066 is valid
2026-09-08 17:19:40 [INF] Report REP-0067 is valid
2026-09-08 17:19:40 [INF] Report REP-0068 is valid
2026-09-08 17:19:40 [INF] Report REP-0069 is valid
2026-09-08 17:19:40 [INF] Report REP-0070 is valid
2026-09-08 17:19:40 [INF] Report REP-0071 is valid
2026-09-08 17:19:40 [INF] Report REP-0072 is valid
2026-09-08 17:19:40 [INF] Report REP-0073 is valid
2026-09-08 17:19:40 [INF] Report REP-0074 is valid
2026-09-08 17:19:40 [INF] Report REP-0075 is valid
2026-09-08 17:19:40 [INF] Report REP-0076 is valid
2026-09-08 17:19:40 [INF] Report REP-0077 is valid
2026-09-08 17:19:40 [INF] Report REP-0078 is valid
2026-09-08 17:19:40 [INF] Report REP-0079 is valid
2026-09-08 17:19:40 [INF] Report REP-0080 is valid
2026-09-08 17:19:40 [INF] Report REP-0081 is valid
2026-09-08 17:19:40 [INF] Report REP-0082 is valid
2026-09-08 17:19:40 [INF] Report REP-0083 is valid
2026-09-08 17:19:40 [INF] Report REP-0084 is valid
2026-09-08 17:19:40 [INF] Report REP-0085 is valid
2026-09-08 17:19:40 [INF] Report REP-0086 is valid
2026-09-08 17:19:40 [INF] Report REP-0087 is valid
2026-09-08 17:19:40 [INF] Report REP-0088 is valid
2026-09-08 17:19:40 [INF] Report REP-0089 is valid
2026-09-08 17:19:40 [INF] Report REP-0090 is valid
2026-09-08 17:19:40 [INF] Report REP-0091 is valid
2026-09-08 17:19:40 [INF] Report REP-0092 is valid
2026-09-08 17:19:40 [INF] Report REP-0093 is valid
2026-09-08 17:19:40 [INF] Report REP-0094 is valid
2026-09-08 17:19:40 [INF] Report REP-0095 is valid
2026-09-08 17:19:40 [INF] Report REP-0096 is valid
2026-09-08 17:19:40 [INF] Report REP-0097 is valid
2026-09-08 17:19:40 [INF] Report REP-0098 is valid
2026-09-08 17:19:40 [INF] Report REP-0099 is valid
2026-09-08 17:19:40 [INF] Report REP-0100 is valid
2026-09-08 17:19:40 [INF] Report REP-0101 is valid
2026-09-08 17:19:40 [INF] Report REP-0102 is valid
2026-09-08 17:19:40 [INF] Report REP-0103 is valid
2026-09-08 17:19:40 [INF] Report REP-0104 is valid
2026-09-08 17:19:40 [INF] Report REP-0105 is valid
2026-09-08 17:19:40 [INF] Report REP-0106 is valid
2026-09-08 17:19:40 [INF] Report REP-0107 is valid
2026-09-08 17:19:40 [INF] Report REP-0108 is valid
2026-09-08 17:19:40 [INF] Report REP-0109 is valid
2026-09-08 17:19:40 [INF] Report REP-0110 is valid
2026-09-08 17:19:40 [INF] Report REP-0111 is valid
2026-09-08 17:19:40 [INF] Report REP-0112 is valid
2026-09-08 17:19:40 [INF] Report REP-0113 is valid
2026-09-08 17:19:40 [INF] Report REP-0114 is valid
2026-09-08 17:19:40 [INF] Report REP-0115 is valid
2026-09-08 17:19:40 [INF] Report REP-0116 is valid
2026-09-08 17:19:40 [INF] Report REP-0117 is valid
2026-09-08 17:19:40 [INF] Report REP-0118 is valid
2026-09-08 17:19:40 [INF] Report REP-0119 is valid
2026-09-08 17:19:40 [INF] Report REP-0120 is valid
2026-09-08 17:19:40 [INF] Report REP-0121 is valid
2026-09-08 17:19:40 [INF] Report REP-0122 is valid
2026-09-08 17:19:40 [INF] Report REP-0123 is valid
2026-09-08 17:19:40 [INF] Report REP-0124 is valid
2026-09-08 17:19:40 [INF] Report REP-0125 is valid
2026-09-08 17:19:40 [INF] Report REP-0126 is valid
2026-09-08 17:19:40 [INF] Report REP-0127 is valid
2026-09-08 17:19:40 [INF] Report REP-0128 is valid
2026-09-08 17:19:40 [INF] Report REP-0129 is valid
2026-09-08 17:19:40 [INF] Report REP-0130 is valid
2026-09-08 17:19:40 [INF] Report REP-0131 is valid
2026-09-08 17:19:40 [INF] Report REP-0132 is valid
2026-09-08 17:19:40 [INF] Report REP-0133 is valid
2026-09-08 17:19:40 [INF] Report REP-0134 is valid
2026-09-08 17:19:40 [INF] Report REP-0135 is valid
2026-09-08 17:19:40 [INF] Report REP-0136 is valid
2026-09-08 17:19:40 [INF] Report REP-0137 is valid
2026-09-08 17:19:40 [INF] Report REP-0138 is valid
2026-09-08 17:19:40 [INF] Report REP-0139 is valid
2026-09-08 17:19:40 [INF] Report REP-0140 is valid
2026-09-08 17:19:40 [INF] Report REP-0141 is valid
2026-09-08 17:19:40 [INF] Report REP-0142 is valid
2026-09-08 17:19:40 [INF] Report REP-0143 is valid
2026-09-08 17:19:40 [INF] Report REP-0144 is valid
2026-09-08 17:19:40 [INF] Report REP-0145 is valid
2026-09-08 17:19:40 [INF] Report REP-0146 is valid
2026-09-08 17:19:40 [INF] Report REP-0147 is valid
2026-09-08 17:19:40 [INF] Report REP-0148 is valid
2026-09-08 17:19:40 [INF] Report REP-0149 is valid
2026-09-08 17:19:40 [INF] Report REP-0150 is valid
2026-09-08 17:19:40 [INF] Report REP-0151 is valid
2026-09-08 17:19:40 [INF] Report REP-0152 is valid
2026-09-08 17:19:40 [INF] Report REP-0153 is valid
2026-09-08 17:19:40 [INF] Report REP-0154 is valid
2026-09-08 17:19:40 [INF] Report REP-0155 is valid
2026-09-08 17:19:40 [INF] Report REP-0156 is valid
2026-09-08 17:19:40 [INF] Report REP-0157 is valid
2026-09-08 17:19:40 [INF] Report REP-0158 is valid
2026-09-08 17:19:40 [INF] Report REP-0159 is valid
2026-09-08 17:19:40 [INF] Report REP-0160 is valid
2026-09-08 17:19:40 [INF] Report REP-0161 is valid
2026-09-08 17:19:40 [INF] Report REP-0162 is valid
2026-09-08 17:19:40 [INF] Report REP-0163 is valid
2026-09-08 17:19:40 [INF] Report REP-0164 is valid
2026-09-08 17:19:40 [INF] Report REP-0165 is valid
2026-09-08 17:19:40 [INF] Report REP-0166 is valid
2026-09-08 17:19:40 [INF] Report REP-0167 is valid
2026-09-08 17:19:40 [INF] Report REP-0168 is valid
2026-09-08 17:19:40 [INF] Report REP-0169 is valid
2026-09-08 17:19:40 [INF] Report REP-0170 is valid
2026-09-08 17:19:40 [INF] Report REP-0171 is valid
2026-09-08 17:19:40 [INF] Report REP-0172 is valid
2026-09-08 17:19:40 [INF] Report REP-0173 is valid
2026-09-08 17:19:40 [INF] Report REP-0174 is valid
2026-09-08 17:19:40 [INF] Report REP-0175 is valid
2026-09-08 17:19:40 [INF] Report REP-0176 is valid
2026-09-08 17:19:40 [INF] Report REP-0177 is valid
2026-09-08 17:19:40 [INF] Report REP-0178 is valid
2026-09-08 17:19:40 [INF] Report REP-0179 is valid
2026-09-08 17:19:40 [INF] Report REP-0180 is valid
2026-09-08 17:19:40 [INF] Report REP-0181 is valid
2026-09-08 17:19:40 [INF] Report REP-0182 is valid
2026-09-08 17:19:40 [INF] Report REP-0183 is valid
2026-09-08 17:19:40 [INF] Report REP-0184 is valid
2026-09-08 17:19:40 [INF] Report REP-0185 is valid
2026-09-08 17:19:40 [INF] Report REP-0186 is valid
2026-09-08 17:19:40 [INF] Report REP-0187 is valid
2026-09-08 17:19:40 [INF] Report REP-0188 is valid
2026-09-08 17:19:40 [INF] Report REP-0189 is valid
2026-09-08 17:19:40 [INF] Report REP-0190 is valid
2026-09-08 17:19:40 [INF] Report REP-0191 is valid
2026-09-08 17:19:40 [INF] Report REP-0192 is valid
2026-09-08 17:19:40 [INF] Report REP-0193 is valid
2026-09-08 17:19:40 [INF] Report REP-0194 is valid
2026-09-08 17:19:40 [INF] Report REP-0195 is valid
2026-09-08 17:19:40 [INF] Report REP-0196 is valid
2026-09-08 17:19:40 [INF] Report REP-0197 is valid
2026-09-08 17:19:40 [INF] Report REP-0198 is valid
2026-09-08 17:19:40 [INF] Report REP-0199 is valid
2026-09-08 17:19:40 [INF] Report REP-0200 is valid
2026-09-08 17:19:40 [INF] Report REP-0201 is valid
2026-09-08 17:19:40 [INF] Report REP-0202 is valid
2026-09-08 17:19:40 [INF] Report REP-0203 is valid
2026-09-08 17:19:40 [INF] Report REP-0204 is valid
2026-09-08 17:19:40 [INF] Report REP-0205 is valid
2026-09-08 17:19:40 [INF] Report REP-0206 is valid
2026-09-08 17:19:40 [INF] Report REP-0207 is valid
2026-09-08 17:19:40 [INF] Report REP-0208 is valid
2026-09-08 17:19:40 [INF] Report REP-0209 is valid
2026-09-08 17:19:40 [INF] Report REP-0210 is valid
2026-09-08 17:19:40 [INF] Report REP-0211 is valid
2026-09-08 17:19:40 [INF] Report REP-0212 is valid
2026-09-08 17:19:40 [INF] Report REP-0213 is valid
2026-09-08 17:19:40 [INF] Report REP-0214 is valid
2026-09-08 17:19:40 [INF] Report REP-0215 is valid
2026-09-08 17:19:40 [INF] Report REP-0216 is valid
2026-09-08 17:19:40 [INF] Report REP-0217 is valid
2026-09-08 17:19:40 [INF] Report REP-0218 is valid
2026-09-08 17:19:40 [INF] Report REP-0219 is valid
2026-09-08 17:19:40 [INF] Report REP-0220 is valid
2026-09-08 17:19:40 [INF] Report REP-0221 is valid
2026-09-08 17:19:40 [INF] Report REP-0222 is valid
2026-09-08 17:19:40 [INF] Report REP-0223 is valid
2026-09-08 17:19:40 [INF] Report REP-0224 is valid
2026-09-08 17:19:40 [INF] Report REP-0225 is valid
2026-09-08 17:19:40 [INF] Report REP-0226 is valid
2026-09-08 17:19:40 [INF] Report REP-0227 is valid
2026-09-08 17:19:40 [INF] Report REP-0228 is valid
2026-09-08 17:19:40 [INF] Report REP-0229 is valid
2026-09-08 17:19:40 [INF] Report REP-0230 is valid
2026-09-08 17:19:40 [INF] Report REP-0231 is valid
2026-09-08 17:19:40 [INF] Report REP-0232 is valid
2026-09-08 17:19:40 [INF] Report REP-0233 is valid
2026-09-08 17:19:40 [INF] Report REP-0234 is valid
2026-09-08 17:19:40 [INF] Report REP-0235 is valid
2026-09-08 17:19:40 [INF] Report REP-0236 is valid
2026-09-08 17:19:40 [INF] Report REP-0237 is valid
2026-09-08 17:19:40 [INF] Report REP-0238 is valid
2026-09-08 17:19:40 [INF] Report REP-0239 is valid
2026-09-08 17:19:40 [INF] Report REP-0240 is valid
2026-09-08 17:19:40 [INF] Report REP-0241 is valid
2026-09-08 17:19:40 [INF] Report REP-0242 is valid
2026-09-08 17:19:40 [INF] Report REP-0243 is valid
2026-09-08 17:19:40 [INF] Report REP-0244 is valid
2026-09-08 17:19:40 [INF] Report REP-0245 is valid
2026-09-08 17:19:40 [INF] Report REP-0246 is valid
2026-09-08 17:19:40 [INF] Report REP-0247 is valid
2026-09-08 17:19:40 [INF] Report REP-0248 is valid
2026-09-08 17:19:40 [INF] Report REP-0249 is valid
2026-09-08 17:19:40 [INF] Report REP-0250 is valid
2026-09-08 17:19:40 [INF] Report REP-0251 is valid
2026-09-08 17:19:40 [INF] Report REP-0252 is valid
2026-09-08 17:19:40 [INF] Report REP-0253 is valid
2026-09-08 17:19:40 [INF] Report REP-0254 is valid
2026-09-08 17:19:40 [INF] Report REP-0255 is valid
2026-09-08 17:19:40 [INF] Report REP-0256 is valid
2026-09-08 17:19:40 [INF] Report REP-0257 is valid
2026-09-08 17:19:40 [INF] Report REP-0258 is valid
2026-09-08 17:19:40 [INF] Report REP-0259 is valid
2026-09-08 17:19:40 [INF] Report REP-0260 is valid
2026-09-08 17:19:40 [INF] Report REP-0261 is valid
2026-09-08 17:19:40 [INF] Report REP-0262 is valid
2026-09-08 17:19:40 [INF] Report REP-0263 is valid
2026-09-08 17:19:40 [INF] Report REP-0264 is valid
2026-09-08 17:19:40 [INF] Report REP-0265 is valid
2026-09-08 17:19:40 [INF] Report REP-0266 is valid
2026-09-08 17:19:40 [INF] Report REP-0267 is valid
2026-09-08 17:19:40 [INF] Report REP-0268 is valid
2026-09-08 17:19:40 [INF] Report REP-0269 is valid
2026-09-08 17:19:40 [INF] Report REP-0270 is valid
2026-09-08 17:19:40 [INF] Report REP-0271 is valid
2026-09-08 17:19:40 [INF] Report REP-0272 is valid
2026-09-08 17:19:40 [INF] Report REP-0273 is valid
2026-09-08 17:19:40 [INF] Report REP-0274 is valid
2026-09-08 17:19:40 [INF] Report REP-0275 is valid
2026-09-08 17:19:40 [INF] Report REP-0276 is valid
2026-09-08 17:19:40 [INF] Report REP-0277 is valid
2026-09-08 17:19:40 [INF] Report REP-0278 is valid
2026-09-08 17:19:40 [INF] Report REP-0279 is valid
2026-09-08 17:19:40 [INF] Report REP-0280 is valid
2026-09-08 17:19:40 [INF] Report REP-0281 is valid
2026-09-08 17:19:40 [INF] Report REP-0282 is valid
2026-09-08 17:19:40 [INF] Report REP-0283 is valid
2026-09-08 17:19:40 [INF] Report REP-0284 is valid
2026-09-08 17:19:40 [INF] Report REP-0285 is valid
2026-09-08 17:19:40 [INF] Report REP-0286 is valid
2026-09-08 17:19:40 [INF] Report REP-0287 is valid
2026-09-08 17:19:40 [INF] Report REP-0288 is valid
2026-09-08 17:19:40 [INF] Report REP-0289 is valid
2026-09-08 17:19:40 [INF] Report REP-0290 is valid
2026-09-08 17:19:40 [INF] Report REP-0291 is valid
2026-09-08 17:19:40 [INF] Report REP-0292 is valid
2026-09-08 17:19:40 [INF] Report REP-0293 is valid
2026-09-08 17:19:40 [INF] Report REP-0294 is valid
2026-09-08 17:19:40 [INF] Report REP-0295 is valid
2026-09-08 17:19:40 [INF] Report REP-0296 is valid
2026-09-08 17:19:40 [INF] Report REP-0297 is valid
2026-09-08 17:19:40 [INF] Report REP-0298 is valid
2026-09-08 17:19:40 [INF] Report REP-0299 is valid
2026-09-08 17:19:40 [INF] Report REP-0300 is valid
2026-09-08 17:19:40 [INF] Report REP-0301 is valid
2026-09-08 17:19:40 [INF] Report REP-0302 is valid
2026-09-08 17:19:40 [INF] Report REP-0303 is valid
2026-09-08 17:19:40 [INF] Report REP-0304 is valid
2026-09-08 17:19:40 [INF] Report REP-0305 is valid
2026-09-08 17:19:40 [INF] Report REP-0306 is valid
2026-09-08 17:19:40 [INF] Report REP-0307 is valid
2026-09-08 17:19:40 [INF] Report REP-0308 is valid
2026-09-08 17:19:40 [INF] Report REP-0309 is valid
2026-09-08 17:19:40 [INF] Report REP-0310 is valid
2026-09-08 17:19:40 [INF] Report REP-0311 is valid
2026-09-08 17:19:40 [INF] Report REP-0312 is valid
2026-09-08 17:19:40 [INF] Report REP-0313 is valid
2026-09-08 17:19:40 [INF] Report REP-0314 is valid
2026-09-08 17:19:40 [INF] Report REP-0315 is valid
2026-09-08 17:19:40 [INF] Report REP-0316 is valid
2026-09-08 17:19:40 [INF] Report REP-0317 is valid
2026-09-08 17:19:40 [INF] Report REP-0318 is valid
2026-09-08 17:19:40 [INF] Report REP-0319 is valid
2026-09-08 17:19:40 [INF] Report REP-0320 is valid
2026-09-08 17:19:40 [INF] Report REP-0321 is valid
2026-09-08 17:19:40 [INF] Report REP-0322 is valid
2026-09-08 17:19:40 [INF] Report REP-0323 is valid
2026-09-08 17:19:40 [INF] Report REP-0324 is valid
2026-09-08 17:19:40 [INF] Report REP-0325 is valid
2026-09-08 17:19:40 [INF] Report REP-0326 is valid
2026-09-08 17:19:40 [INF] Report REP-0327 is valid
2026-09-08 17:19:40 [INF] Report REP-0328 is valid
2026-09-08 17:19:40 [INF] Report REP-0329 is valid
2026-09-08 17:19:40 [INF] Report REP-0330 is valid
2026-09-08 17:19:40 [INF] Report REP-0331 is valid
2026-09-08 17:19:40 [INF] Report REP-0332 is valid
2026-09-08 17:19:40 [INF] Report REP-0333 is valid
2026-09-08 17:19:40 [INF] Report REP-0334 is valid
2026-09-08 17:19:40 [INF] Report REP-0335 is valid
2026-09-08 17:19:40 [INF] Report REP-0336 is valid
2026-09-08 17:19:40 [INF] Report REP-0337 is valid
2026-09-08 17:19:40 [INF] Report REP-0338 is valid
2026-09-08 17:19:40 [INF] Report REP-0339 is valid
2026-09-08 17:19:40 [INF] Report REP-0340 is valid
2026-09-08 17:19:40 [INF] Report REP-0341 is valid
2026-09-08 17:19:40 [INF] Report REP-0342 is valid
2026-09-08 17:19:40 [INF] Report REP-0343 is valid
2026-09-08 17:19:40 [INF] Report REP-0344 is valid
2026-09-08 17:19:40 [INF] Report REP-0345 is valid
2026-09-08 17:19:40 [INF] Report REP-0346 is valid
2026-09-08 17:19:40 [INF] Report REP-0347 is valid
2026-09-08 17:19:40 [INF] Report REP-0348 is valid
2026-09-08 17:19:40 [INF] Report REP-0349 is valid
2026-09-08 17:19:40 [INF] Report REP-0350 is valid
2026-09-08 17:19:40 [INF] Report REP-0351 is valid
2026-09-08 17:19:40 [INF] Report REP-0352 is valid
2026-09-08 17:19:40 [INF] Report REP-0353 is valid
2026-09-08 17:19:40 [INF] Report REP-0354 is valid
2026-09-08 17:19:40 [INF] Report REP-0355 is valid
2026-09-08 17:19:40 [INF] Report REP-0356 is valid
2026-09-08 17:19:40 [INF] Report REP-0357 is valid
2026-09-08 17:19:40 [INF] Report REP-0358 is valid
2026-09-08 17:19:40 [INF] Report REP-0359 is valid
2026-09-08 17:19:40 [INF] Report REP-0360 is valid
2026-09-08 17:19:40 [INF] Report REP-0361 is valid
2026-09-08 17:19:40 [INF] Report REP-0362 is valid
2026-09-08 17:19:40 [INF] Report REP-0363 is valid
2026-09-08 17:19:40 [INF] Report REP-0364 is valid
2026-09-08 17:19:40 [INF] Report REP-0365 is valid
2026-09-08 17:19:40 [INF] Report REP-0366 is valid
2026-09-08 17:19:40 [INF] Report REP-0367 is valid
2026-09-08 17:19:40 [INF] Report REP-0368 is valid
2026-09-08 17:19:40 [INF] Report REP-0369 is valid
2026-09-08 17:19:40 [INF] Report REP-0370 is valid
2026-09-08 17:19:40 [INF] Report REP-0371 is valid
2026-09-08 17:19:40 [INF] Report REP-0372 is valid
2026-09-08 17:19:40 [INF] Report REP-0373 is valid
2026-09-08 17:19:40 [INF] Report REP-0374 is valid
2026-09-08 17:19:40 [INF] Report REP-0375 is valid
2026-09-08 17:19:40 [INF] Report REP-0376 is valid
2026-09-08 17:19:40 [INF] Report REP-0377 is valid
2026-09-08 17:19:40 [INF] Report REP-0378 is valid
2026-09-08 17:19:40 [INF] Report REP-0379 is valid
2026-09-08 17:19:40 [INF] Report REP-0380 is valid
2026-09-08 17:19:40 [INF] Report REP-0381 is valid
2026-09-08 17:19:40 [INF] Report REP-0382 is valid
2026-09-08 17:19:40 [INF] Report REP-0383 is valid
2026-09-08 17:19:40 [INF] Report REP-0384 is valid
2026-09-08 17:19:40 [INF] Report REP-0385 is valid
2026-09-08 17:19:40 [INF] Report REP-0386 is valid
2026-09-08 17:19:40 [INF] Report REP-0387 is valid
2026-09-08 17:19:40 [INF] Report REP-0388 is valid
2026-09-08 17:19:40 [INF] Report REP-0389 is valid
2026-09-08 17:19:40 [INF] Report REP-0390 is valid
2026-09-08 17:19:40 [INF] Report REP-0391 is valid
2026-09-08 17:19:40 [INF] Report REP-0392 is valid
2026-09-08 17:19:40 [INF] Report REP-0393 is valid
2026-09-08 17:19:40 [INF] Report REP-0394 is valid
2026-09-08 17:19:40 [INF] Report REP-0395 is valid
2026-09-08 17:19:40 [INF] Report REP-0396 is valid
2026-09-08 17:19:40 [INF] Report REP-0397 is valid
2026-09-08 17:19:40 [INF] Report REP-0398 is valid
2026-09-08 17:19:40 [INF] Report REP-0399 is valid
2026-09-08 17:19:40 [INF] Report REP-0400 is valid
2026-09-08 17:19:40 [WRN] Report REP-0401 rejected: message is missing
2026-09-08 17:19:40 [WRN] Report REP-0402 rejected: unit is missing
2026-09-08 17:19:40 [WRN] Report REP-0403 rejected: sourceType is missing
2026-09-08 17:19:40 [WRN] Report REP-0404 rejected: message is missing
2026-09-08 17:19:40 [WRN] Report REP-0405 rejected: theater is missing
2026-09-08 17:19:40 [WRN] Report rejected because the JSON is invalid: The JSON value could not be converted to System.Nullable`1[Consumer.Models.ReportType]. Path: $.reportType | LineNumber: 0 | BytePositionInLine: 188.
2026-09-08 17:19:40 [WRN] Report rejected because the JSON is invalid: The JSON value could not be converted to System.Nullable`1[System.DateTimeOffset]. Path: $.timestamp | LineNumber: 0 | BytePositionInLine: 36.
2026-09-08 17:19:40 [WRN] Report rejected because the JSON is invalid: The JSON value could not be converted to System.Nullable`1[System.DateTimeOffset]. Path: $.timestamp | LineNumber: 0 | BytePositionInLine: 33.
2026-09-08 17:19:40 [WRN] Report rejected because the JSON is invalid: The JSON value could not be converted to System.Nullable`1[Consumer.Models.ReportPriority]. Path: $.priority | LineNumber: 0 | BytePositionInLine: 212.
2026-09-08 17:19:40 [WRN] Report REP-0410 rejected: priority 'HIGH' is not allowed
2026-09-08 17:19:40 [WRN] Report rejected because the JSON is invalid: The JSON value could not be converted to System.Nullable`1[Consumer.Models.ReportType]. Path: $.reportType | LineNumber: 0 | BytePositionInLine: 194.
2026-09-08 17:19:40 [WRN] Report rejected because the JSON is invalid: The JSON value could not be converted to System.Nullable`1[Consumer.Models.ReportType]. Path: $.reportType | LineNumber: 0 | BytePositionInLine: 190.
2026-09-08 17:19:40 [INF] Report REP-0413 is valid
2026-09-08 17:19:40 [INF] Report REP-0414 is valid
2026-09-08 17:19:40 [WRN] Report REP-0415 rejected: subjectId and subjectType must appear together
2026-09-08 17:19:40 [WRN] Report REP-0416 rejected: subjectId and subjectType must appear together
2026-09-08 17:19:40 [WRN] Report REP-0417 rejected: subjectId and subjectType must appear together
2026-09-08 17:19:40 [WRN] Report REP-0418 rejected: subjectId and subjectType must appear together
2026-09-08 17:19:40 [INF] Report REP-0419 is valid
2026-09-08 17:19:40 [INF] Report REP-0420 is valid
2026-09-08 17:19:40 [INF] Report REP-0001 is valid
2026-09-08 17:19:40 [INF] Report REP-0002 is valid
2026-09-08 17:19:40 [INF] Report REP-0003 is valid
2026-09-08 17:19:40 [INF] Report REP-0004 is valid
2026-09-08 17:19:40 [INF] Report REP-0005 is valid
2026-09-08 17:19:40 [INF] Report REP-0006 is valid
2026-09-08 17:19:40 [INF] Report REP-0007 is valid
2026-09-08 17:19:40 [INF] Report REP-0008 is valid
2026-09-08 17:19:40 [INF] Report REP-0009 is valid
2026-09-08 17:19:40 [INF] Report REP-0010 is valid
2026-09-08 17:19:40 [INF] Report REP-0011 is valid
2026-09-08 17:19:40 [INF] Report REP-0012 is valid
2026-09-08 17:19:40 [INF] Report REP-0013 is valid
2026-09-08 17:19:40 [INF] Report REP-0014 is valid
2026-09-08 17:19:40 [INF] Report REP-0015 is valid
2026-09-08 17:19:40 [INF] Report REP-0016 is valid
2026-09-08 17:19:40 [INF] Report REP-0017 is valid
2026-09-08 17:19:40 [INF] Report REP-0018 is valid
2026-09-08 17:19:40 [INF] Report REP-0019 is valid
2026-09-08 17:19:40 [INF] Report REP-0020 is valid
2026-09-08 17:19:40 [INF] Report REP-0021 is valid
2026-09-08 17:19:40 [INF] Report REP-0022 is valid
2026-09-08 17:19:40 [INF] Report REP-0023 is valid
2026-09-08 17:19:40 [INF] Report REP-0024 is valid
2026-09-08 17:19:40 [INF] Report REP-0025 is valid
2026-09-08 17:19:40 [INF] Report REP-0026 is valid
2026-09-08 17:19:40 [INF] Report REP-0027 is valid
2026-09-08 17:19:40 [INF] Report REP-0028 is valid
2026-09-08 17:19:40 [INF] Report REP-0029 is valid
2026-09-08 17:19:40 [INF] Report REP-0030 is valid
2026-09-08 17:19:40 [INF] Report REP-0031 is valid
2026-09-08 17:19:40 [INF] Report REP-0032 is valid
2026-09-08 17:19:40 [INF] Report REP-0033 is valid
2026-09-08 17:19:40 [INF] Report REP-0034 is valid
2026-09-08 17:19:40 [INF] Report REP-0035 is valid
2026-09-08 17:19:40 [INF] Report REP-0036 is valid
2026-09-08 17:19:40 [INF] Report REP-0037 is valid
2026-09-08 17:19:40 [INF] Report REP-0038 is valid
2026-09-08 17:19:40 [INF] Report REP-0039 is valid
2026-09-08 17:19:40 [INF] Report REP-0040 is valid
2026-09-08 17:19:40 [INF] Report REP-0041 is valid
2026-09-08 17:19:40 [INF] Report REP-0042 is valid
2026-09-08 17:19:40 [INF] Report REP-0043 is valid
2026-09-08 17:19:40 [INF] Report REP-0044 is valid
2026-09-08 17:19:40 [INF] Report REP-0045 is valid
2026-09-08 17:19:40 [INF] Report REP-0046 is valid
2026-09-08 17:19:40 [INF] Report REP-0047 is valid
2026-09-08 17:19:40 [INF] Report REP-0048 is valid
2026-09-08 17:19:40 [INF] Report REP-0049 is valid
2026-09-08 17:19:40 [INF] Report REP-0050 is valid
2026-09-08 17:19:40 [INF] Report REP-0051 is valid
2026-09-08 17:19:40 [INF] Report REP-0052 is valid
2026-09-08 17:19:40 [INF] Report REP-0053 is valid
2026-09-08 17:19:40 [INF] Report REP-0054 is valid
2026-09-08 17:19:40 [INF] Report REP-0055 is valid
2026-09-08 17:19:40 [INF] Report REP-0056 is valid
2026-09-08 17:19:40 [INF] Report REP-0057 is valid
2026-09-08 17:19:40 [INF] Report REP-0058 is valid
2026-09-08 17:19:40 [INF] Report REP-0059 is valid
2026-09-08 17:19:40 [INF] Report REP-0060 is valid
2026-09-08 17:19:40 [INF] Report REP-0061 is valid
2026-09-08 17:19:40 [INF] Report REP-0062 is valid
2026-09-08 17:19:40 [INF] Report REP-0063 is valid
2026-09-08 17:19:40 [INF] Report REP-0064 is valid
2026-09-08 17:19:40 [INF] Report REP-0065 is valid
2026-09-08 17:19:40 [INF] Report REP-0066 is valid
2026-09-08 17:19:40 [INF] Report REP-0067 is valid
2026-09-08 17:19:40 [INF] Report REP-0068 is valid
2026-09-08 17:19:40 [INF] Report REP-0069 is valid
2026-09-08 17:19:40 [INF] Report REP-0070 is valid
2026-09-08 17:19:40 [INF] Report REP-0071 is valid
2026-09-08 17:19:40 [INF] Report REP-0072 is valid
2026-09-08 17:19:40 [INF] Report REP-0073 is valid
2026-09-08 17:19:40 [INF] Report REP-0074 is valid
2026-09-08 17:19:40 [INF] Report REP-0075 is valid
2026-09-08 17:19:40 [INF] Report REP-0076 is valid
2026-09-08 17:19:40 [INF] Report REP-0077 is valid
2026-09-08 17:19:40 [INF] Report REP-0078 is valid
2026-09-08 17:19:40 [INF] Report REP-0079 is valid
2026-09-08 17:19:40 [INF] Report REP-0080 is valid
2026-09-08 17:19:40 [INF] Report REP-0081 is valid
2026-09-08 17:19:40 [INF] Report REP-0082 is valid
2026-09-08 17:19:40 [INF] Report REP-0083 is valid
2026-09-08 17:19:40 [INF] Report REP-0084 is valid
2026-09-08 17:19:40 [INF] Report REP-0085 is valid
2026-09-08 17:19:40 [INF] Report REP-0086 is valid
2026-09-08 17:19:40 [INF] Report REP-0087 is valid
2026-09-08 17:19:40 [INF] Report REP-0088 is valid
2026-09-08 17:19:40 [INF] Report REP-0089 is valid
2026-09-08 17:19:40 [INF] Report REP-0090 is valid
2026-09-08 17:19:40 [INF] Report REP-0091 is valid
2026-09-08 17:19:40 [INF] Report REP-0092 is valid
2026-09-08 17:19:40 [INF] Report REP-0093 is valid
2026-09-08 17:19:40 [INF] Report REP-0094 is valid
2026-09-08 17:19:40 [INF] Report REP-0095 is valid
2026-09-08 17:19:40 [INF] Report REP-0096 is valid
2026-09-08 17:19:40 [INF] Report REP-0097 is valid
2026-09-08 17:19:40 [INF] Report REP-0098 is valid
2026-09-08 17:19:40 [INF] Report REP-0099 is valid
2026-09-08 17:19:40 [INF] Report REP-0100 is valid
2026-09-08 17:19:40 [INF] Report REP-0101 is valid
2026-09-08 17:19:40 [INF] Report REP-0102 is valid
2026-09-08 17:19:40 [INF] Report REP-0103 is valid
2026-09-08 17:19:40 [INF] Report REP-0104 is valid
2026-09-08 17:19:40 [INF] Report REP-0105 is valid
2026-09-08 17:19:40 [INF] Report REP-0106 is valid
2026-09-08 17:19:40 [INF] Report REP-0107 is valid
2026-09-08 17:19:40 [INF] Report REP-0108 is valid
2026-09-08 17:19:40 [INF] Report REP-0109 is valid
2026-09-08 17:19:40 [INF] Report REP-0110 is valid
2026-09-08 17:19:40 [INF] Report REP-0111 is valid
2026-09-08 17:19:40 [INF] Report REP-0112 is valid
2026-09-08 17:19:40 [INF] Report REP-0113 is valid
2026-09-08 17:19:40 [INF] Report REP-0114 is valid
2026-09-08 17:19:40 [INF] Report REP-0115 is valid
2026-09-08 17:19:40 [INF] Report REP-0116 is valid
2026-09-08 17:19:40 [INF] Report REP-0117 is valid
2026-09-08 17:19:40 [INF] Report REP-0118 is valid
2026-09-08 17:19:40 [INF] Report REP-0119 is valid
2026-09-08 17:19:40 [INF] Report REP-0120 is valid
2026-09-08 17:19:40 [INF] Report REP-0121 is valid
2026-09-08 17:19:40 [INF] Report REP-0122 is valid
2026-09-08 17:19:40 [INF] Report REP-0123 is valid
2026-09-08 17:19:40 [INF] Report REP-0124 is valid
2026-09-08 17:19:40 [INF] Report REP-0125 is valid
2026-09-08 17:19:40 [INF] Report REP-0126 is valid
2026-09-08 17:19:40 [INF] Report REP-0127 is valid
2026-09-08 17:19:40 [INF] Report REP-0128 is valid
2026-09-08 17:19:40 [INF] Report REP-0129 is valid
2026-09-08 17:19:40 [INF] Report REP-0130 is valid
2026-09-08 17:19:40 [INF] Report REP-0131 is valid
2026-09-08 17:19:40 [INF] Report REP-0132 is valid
2026-09-08 17:19:40 [INF] Report REP-0133 is valid
2026-09-08 17:19:40 [INF] Report REP-0134 is valid
2026-09-08 17:19:40 [INF] Report REP-0135 is valid
2026-09-08 17:19:40 [INF] Report REP-0136 is valid
2026-09-08 17:19:40 [INF] Report REP-0137 is valid
2026-09-08 17:19:40 [INF] Report REP-0138 is valid
2026-09-08 17:19:40 [INF] Report REP-0139 is valid
2026-09-08 17:19:40 [INF] Report REP-0140 is valid
2026-09-08 17:19:40 [INF] Report REP-0141 is valid
2026-09-08 17:19:40 [INF] Report REP-0142 is valid
2026-09-08 17:19:40 [INF] Report REP-0143 is valid
2026-09-08 17:19:40 [INF] Report REP-0144 is valid
2026-09-08 17:19:40 [INF] Report REP-0145 is valid
2026-09-08 17:19:40 [INF] Report REP-0146 is valid
2026-09-08 17:19:40 [INF] Report REP-0147 is valid
2026-09-08 17:19:40 [INF] Report REP-0148 is valid
2026-09-08 17:19:40 [INF] Report REP-0149 is valid
2026-09-08 17:19:40 [INF] Report REP-0150 is valid
2026-09-08 17:19:40 [INF] Report REP-0151 is valid
2026-09-08 17:19:40 [INF] Report REP-0152 is valid
2026-09-08 17:19:40 [INF] Report REP-0153 is valid
2026-09-08 17:19:40 [INF] Report REP-0154 is valid
2026-09-08 17:19:40 [INF] Report REP-0155 is valid
2026-09-08 17:19:40 [INF] Report REP-0156 is valid
2026-09-08 17:19:40 [INF] Report REP-0157 is valid
2026-09-08 17:19:40 [INF] Report REP-0158 is valid
2026-09-08 17:19:40 [INF] Report REP-0159 is valid
2026-09-08 17:19:40 [INF] Report REP-0160 is valid
2026-09-08 17:19:40 [INF] Report REP-0161 is valid
2026-09-08 17:19:40 [INF] Report REP-0162 is valid
2026-09-08 17:19:40 [INF] Report REP-0163 is valid
2026-09-08 17:19:40 [INF] Report REP-0164 is valid
2026-09-08 17:19:40 [INF] Report REP-0165 is valid
2026-09-08 17:19:40 [INF] Report REP-0166 is valid
2026-09-08 17:19:40 [INF] Report REP-0167 is valid
2026-09-08 17:19:40 [INF] Report REP-0168 is valid
2026-09-08 17:19:40 [INF] Report REP-0169 is valid
2026-09-08 17:19:40 [INF] Report REP-0170 is valid
2026-09-08 17:19:40 [INF] Report REP-0171 is valid
2026-09-08 17:19:40 [INF] Report REP-0172 is valid
2026-09-08 17:19:40 [INF] Report REP-0173 is valid
2026-09-08 17:19:40 [INF] Report REP-0174 is valid
2026-09-08 17:19:40 [INF] Report REP-0175 is valid
2026-09-08 17:19:40 [INF] Report REP-0176 is valid
2026-09-08 17:19:40 [INF] Report REP-0177 is valid
2026-09-08 17:19:40 [INF] Report REP-0178 is valid
2026-09-08 17:19:40 [INF] Report REP-0179 is valid
2026-09-08 17:19:40 [INF] Report REP-0180 is valid
2026-09-08 17:19:40 [INF] Report REP-0181 is valid
2026-09-08 17:19:40 [INF] Report REP-0182 is valid
2026-09-08 17:19:40 [INF] Report REP-0183 is valid
2026-09-08 17:19:40 [INF] Report REP-0184 is valid
2026-09-08 17:19:40 [INF] Report REP-0185 is valid
2026-09-08 17:19:40 [INF] Report REP-0186 is valid
2026-09-08 17:19:40 [INF] Report REP-0187 is valid
2026-09-08 17:19:40 [INF] Report REP-0188 is valid
2026-09-08 17:19:40 [INF] Report REP-0189 is valid
2026-09-08 17:19:40 [INF] Report REP-0190 is valid
2026-09-08 17:19:40 [INF] Report REP-0191 is valid
2026-09-08 17:19:40 [INF] Report REP-0192 is valid
2026-09-08 17:19:40 [INF] Report REP-0193 is valid
2026-09-08 17:19:40 [INF] Report REP-0194 is valid
2026-09-08 17:19:40 [INF] Report REP-0195 is valid
2026-09-08 17:19:40 [INF] Report REP-0196 is valid
2026-09-08 17:19:40 [INF] Report REP-0197 is valid
2026-09-08 17:19:40 [INF] Report REP-0198 is valid
2026-09-08 17:19:40 [INF] Report REP-0199 is valid
2026-09-08 17:19:40 [INF] Report REP-0200 is valid
2026-09-08 17:19:40 [INF] Report REP-0201 is valid
2026-09-08 17:19:40 [INF] Report REP-0202 is valid
2026-09-08 17:19:40 [INF] Report REP-0203 is valid
2026-09-08 17:19:40 [INF] Report REP-0204 is valid
2026-09-08 17:19:40 [INF] Report REP-0205 is valid
2026-09-08 17:19:40 [INF] Report REP-0206 is valid
2026-09-08 17:19:40 [INF] Report REP-0207 is valid
2026-09-08 17:19:40 [INF] Report REP-0208 is valid
2026-09-08 17:19:40 [INF] Report REP-0209 is valid
2026-09-08 17:19:40 [INF] Report REP-0210 is valid
2026-09-08 17:19:40 [INF] Report REP-0211 is valid
2026-09-08 17:19:40 [INF] Report REP-0212 is valid
2026-09-08 17:19:40 [INF] Report REP-0213 is valid
2026-09-08 17:19:40 [INF] Report REP-0214 is valid
2026-09-08 17:19:40 [INF] Report REP-0215 is valid
2026-09-08 17:19:40 [INF] Report REP-0216 is valid
2026-09-08 17:19:40 [INF] Report REP-0217 is valid
2026-09-08 17:19:40 [INF] Report REP-0218 is valid
2026-09-08 17:19:40 [INF] Report REP-0219 is valid
2026-09-08 17:19:40 [INF] Report REP-0220 is valid
2026-09-08 17:19:40 [INF] Report REP-0221 is valid
2026-09-08 17:19:40 [INF] Report REP-0222 is valid
2026-09-08 17:19:40 [INF] Report REP-0223 is valid
2026-09-08 17:19:40 [INF] Report REP-0224 is valid
2026-09-08 17:19:40 [INF] Report REP-0225 is valid
2026-09-08 17:19:40 [INF] Report REP-0226 is valid
2026-09-08 17:19:40 [INF] Report REP-0227 is valid
2026-09-08 17:19:40 [INF] Report REP-0228 is valid
2026-09-08 17:19:40 [INF] Report REP-0229 is valid
2026-09-08 17:19:40 [INF] Report REP-0230 is valid
2026-09-08 17:19:40 [INF] Report REP-0231 is valid
2026-09-08 17:19:40 [INF] Report REP-0232 is valid
2026-09-08 17:19:40 [INF] Report REP-0233 is valid
2026-09-08 17:19:40 [INF] Report REP-0234 is valid
2026-09-08 17:19:40 [INF] Report REP-0235 is valid
2026-09-08 17:19:40 [INF] Report REP-0236 is valid
2026-09-08 17:19:40 [INF] Report REP-0237 is valid
2026-09-08 17:19:40 [INF] Report REP-0238 is valid
2026-09-08 17:19:40 [INF] Report REP-0239 is valid
2026-09-08 17:19:40 [INF] Report REP-0240 is valid
2026-09-08 17:19:40 [INF] Report REP-0241 is valid
2026-09-08 17:19:40 [INF] Report REP-0242 is valid
2026-09-08 17:19:40 [INF] Report REP-0243 is valid
2026-09-08 17:19:40 [INF] Report REP-0244 is valid
2026-09-08 17:19:40 [INF] Report REP-0245 is valid
2026-09-08 17:19:40 [INF] Report REP-0246 is valid
2026-09-08 17:19:40 [INF] Report REP-0247 is valid
2026-09-08 17:19:40 [INF] Report REP-0248 is valid
2026-09-08 17:19:40 [INF] Report REP-0249 is valid
2026-09-08 17:19:40 [INF] Report REP-0250 is valid
2026-09-08 17:19:40 [INF] Report REP-0251 is valid
2026-09-08 17:19:40 [INF] Report REP-0252 is valid
2026-09-08 17:19:40 [INF] Report REP-0253 is valid
2026-09-08 17:19:40 [INF] Report REP-0254 is valid
2026-09-08 17:19:40 [INF] Report REP-0255 is valid
2026-09-08 17:19:40 [INF] Report REP-0256 is valid
2026-09-08 17:19:40 [INF] Report REP-0257 is valid
2026-09-08 17:19:40 [INF] Report REP-0258 is valid
2026-09-08 17:19:40 [INF] Report REP-0259 is valid
2026-09-08 17:19:40 [INF] Report REP-0260 is valid
2026-09-08 17:19:40 [INF] Report REP-0261 is valid
2026-09-08 17:19:40 [INF] Report REP-0262 is valid
2026-09-08 17:19:40 [INF] Report REP-0263 is valid
2026-09-08 17:19:40 [INF] Report REP-0264 is valid
2026-09-08 17:19:40 [INF] Report REP-0265 is valid
2026-09-08 17:19:40 [INF] Report REP-0266 is valid
2026-09-08 17:19:40 [INF] Report REP-0267 is valid
2026-09-08 17:19:40 [INF] Report REP-0268 is valid
2026-09-08 17:19:40 [INF] Report REP-0269 is valid
2026-09-08 17:19:40 [INF] Report REP-0270 is valid
2026-09-08 17:19:40 [INF] Report REP-0271 is valid
2026-09-08 17:19:40 [INF] Report REP-0272 is valid
2026-09-08 17:19:40 [INF] Report REP-0273 is valid
2026-09-08 17:19:40 [INF] Report REP-0274 is valid
2026-09-08 17:19:40 [INF] Report REP-0275 is valid
2026-09-08 17:19:40 [INF] Report REP-0276 is valid
2026-09-08 17:19:40 [INF] Report REP-0277 is valid
2026-09-08 17:19:40 [INF] Report REP-0278 is valid
2026-09-08 17:19:40 [INF] Report REP-0279 is valid
2026-09-08 17:19:40 [INF] Report REP-0280 is valid
2026-09-08 17:19:40 [INF] Report REP-0281 is valid
2026-09-08 17:19:40 [INF] Report REP-0282 is valid
2026-09-08 17:19:40 [INF] Report REP-0283 is valid
2026-09-08 17:19:40 [INF] Report REP-0284 is valid
2026-09-08 17:19:40 [INF] Report REP-0285 is valid
2026-09-08 17:19:40 [INF] Report REP-0286 is valid
2026-09-08 17:19:40 [INF] Report REP-0287 is valid
2026-09-08 17:19:40 [INF] Report REP-0288 is valid
2026-09-08 17:19:40 [INF] Report REP-0289 is valid
2026-09-08 17:19:40 [INF] Report REP-0290 is valid
2026-09-08 17:19:40 [INF] Report REP-0291 is valid
2026-09-08 17:19:40 [INF] Report REP-0292 is valid
2026-09-08 17:19:40 [INF] Report REP-0293 is valid
2026-09-08 17:19:40 [INF] Report REP-0294 is valid
2026-09-08 17:19:40 [INF] Report REP-0295 is valid
2026-09-08 17:19:40 [INF] Report REP-0296 is valid
2026-09-08 17:19:40 [INF] Report REP-0297 is valid
2026-09-08 17:19:40 [INF] Report REP-0298 is valid
2026-09-08 17:19:40 [INF] Report REP-0299 is valid
2026-09-08 17:19:40 [INF] Report REP-0300 is valid
2026-09-08 17:19:40 [INF] Report REP-0301 is valid
2026-09-08 17:19:40 [INF] Report REP-0302 is valid
2026-09-08 17:19:40 [INF] Report REP-0303 is valid
2026-09-08 17:19:40 [INF] Report REP-0304 is valid
2026-09-08 17:19:40 [INF] Report REP-0305 is valid
2026-09-08 17:19:40 [INF] Report REP-0306 is valid
2026-09-08 17:19:40 [INF] Report REP-0307 is valid
2026-09-08 17:19:40 [INF] Report REP-0308 is valid
2026-09-08 17:19:40 [INF] Report REP-0309 is valid
2026-09-08 17:19:40 [INF] Report REP-0310 is valid
2026-09-08 17:19:40 [INF] Report REP-0311 is valid
2026-09-08 17:19:40 [INF] Report REP-0312 is valid
2026-09-08 17:19:40 [INF] Report REP-0313 is valid
2026-09-08 17:19:40 [INF] Report REP-0314 is valid
2026-09-08 17:19:40 [INF] Report REP-0315 is valid
2026-09-08 17:19:40 [INF] Report REP-0316 is valid
2026-09-08 17:19:40 [INF] Report REP-0317 is valid
2026-09-08 17:19:40 [INF] Report REP-0318 is valid
2026-09-08 17:19:40 [INF] Report REP-0319 is valid
2026-09-08 17:19:40 [INF] Report REP-0320 is valid
2026-09-08 17:19:40 [INF] Report REP-0321 is valid
2026-09-08 17:19:40 [INF] Report REP-0322 is valid
2026-09-08 17:19:40 [INF] Report REP-0323 is valid
2026-09-08 17:19:40 [INF] Report REP-0324 is valid
2026-09-08 17:19:40 [INF] Report REP-0325 is valid
2026-09-08 17:19:40 [INF] Report REP-0326 is valid
2026-09-08 17:19:40 [INF] Report REP-0327 is valid
2026-09-08 17:19:40 [INF] Report REP-0328 is valid
2026-09-08 17:19:40 [INF] Report REP-0329 is valid
2026-09-08 17:19:40 [INF] Report REP-0330 is valid
2026-09-08 17:19:40 [INF] Report REP-0331 is valid
2026-09-08 17:19:40 [INF] Report REP-0332 is valid
2026-09-08 17:19:40 [INF] Report REP-0333 is valid
2026-09-08 17:19:40 [INF] Report REP-0334 is valid
2026-09-08 17:19:40 [INF] Report REP-0335 is valid
2026-09-08 17:19:40 [INF] Report REP-0336 is valid
2026-09-08 17:19:40 [INF] Report REP-0337 is valid
2026-09-08 17:19:40 [INF] Report REP-0338 is valid
2026-09-08 17:19:40 [INF] Report REP-0339 is valid
2026-09-08 17:19:40 [INF] Report REP-0340 is valid
2026-09-08 17:19:40 [INF] Report REP-0341 is valid
2026-09-08 17:19:40 [INF] Report REP-0342 is valid
2026-09-08 17:19:40 [INF] Report REP-0343 is valid
2026-09-08 17:19:40 [INF] Report REP-0344 is valid
2026-09-08 17:19:40 [INF] Report REP-0345 is valid
2026-09-08 17:19:40 [INF] Report REP-0346 is valid
2026-09-08 17:19:40 [INF] Report REP-0347 is valid
2026-09-08 17:19:40 [INF] Report REP-0348 is valid
2026-09-08 17:19:40 [INF] Report REP-0349 is valid
2026-09-08 17:19:40 [INF] Report REP-0350 is valid
2026-09-08 17:19:40 [INF] Report REP-0351 is valid
2026-09-08 17:19:40 [INF] Report REP-0352 is valid
2026-09-08 17:19:40 [INF] Report REP-0353 is valid
2026-09-08 17:19:40 [INF] Report REP-0354 is valid
2026-09-08 17:19:40 [INF] Report REP-0355 is valid
2026-09-08 17:19:40 [INF] Report REP-0356 is valid
2026-09-08 17:19:40 [INF] Report REP-0357 is valid
2026-09-08 17:19:40 [INF] Report REP-0358 is valid
2026-09-08 17:19:40 [INF] Report REP-0359 is valid
2026-09-08 17:19:40 [INF] Report REP-0360 is valid
2026-09-08 17:19:40 [INF] Report REP-0361 is valid
2026-09-08 17:19:40 [INF] Report REP-0362 is valid
2026-09-08 17:19:40 [INF] Report REP-0363 is valid
2026-09-08 17:19:40 [INF] Report REP-0364 is valid
2026-09-08 17:19:40 [INF] Report REP-0365 is valid
2026-09-08 17:19:40 [INF] Report REP-0366 is valid
2026-09-08 17:19:40 [INF] Report REP-0367 is valid
2026-09-08 17:19:40 [INF] Report REP-0368 is valid
2026-09-08 17:19:40 [INF] Report REP-0369 is valid
2026-09-08 17:19:40 [INF] Report REP-0370 is valid
2026-09-08 17:19:40 [INF] Report REP-0371 is valid
2026-09-08 17:19:40 [INF] Report REP-0372 is valid
2026-09-08 17:19:40 [INF] Report REP-0373 is valid
2026-09-08 17:19:40 [INF] Report REP-0374 is valid
2026-09-08 17:19:40 [INF] Report REP-0375 is valid
2026-09-08 17:19:40 [INF] Report REP-0376 is valid
2026-09-08 17:19:40 [INF] Report REP-0377 is valid
2026-09-08 17:19:40 [INF] Report REP-0378 is valid
2026-09-08 17:19:40 [INF] Report REP-0379 is valid
2026-09-08 17:19:40 [INF] Report REP-0380 is valid
2026-09-08 17:19:40 [INF] Report REP-0381 is valid
2026-09-08 17:19:40 [INF] Report REP-0382 is valid
2026-09-08 17:19:40 [INF] Report REP-0383 is valid
2026-09-08 17:19:40 [INF] Report REP-0384 is valid
2026-09-08 17:19:40 [INF] Report REP-0385 is valid
2026-09-08 17:19:40 [INF] Report REP-0386 is valid
2026-09-08 17:19:40 [INF] Report REP-0387 is valid
2026-09-08 17:19:40 [INF] Report REP-0388 is valid
2026-09-08 17:19:40 [INF] Report REP-0389 is valid
2026-09-08 17:19:40 [INF] Report REP-0390 is valid
2026-09-08 17:19:40 [INF] Report REP-0391 is valid
2026-09-08 17:19:40 [INF] Report REP-0392 is valid
2026-09-08 17:19:40 [INF] Report REP-0393 is valid
2026-09-08 17:19:40 [INF] Report REP-0394 is valid
2026-09-08 17:19:40 [INF] Report REP-0395 is valid
2026-09-08 17:19:40 [INF] Report REP-0396 is valid
2026-09-08 17:19:40 [INF] Report REP-0397 is valid
2026-09-08 17:19:40 [INF] Report REP-0398 is valid
2026-09-08 17:19:40 [INF] Report REP-0399 is valid
2026-09-08 17:19:40 [INF] Report REP-0400 is valid
2026-09-08 17:19:40 [WRN] Report REP-0401 rejected: message is missing
2026-09-08 17:19:40 [WRN] Report REP-0402 rejected: unit is missing
2026-09-08 17:19:40 [WRN] Report REP-0403 rejected: sourceType is missing
2026-09-08 17:19:40 [WRN] Report REP-0404 rejected: message is missing
2026-09-08 17:19:40 [WRN] Report REP-0405 rejected: theater is missing
2026-09-08 17:19:40 [WRN] Report rejected because the JSON is invalid: The JSON value could not be converted to System.Nullable`1[Consumer.Models.ReportType]. Path: $.reportType | LineNumber: 0 | BytePositionInLine: 188.
2026-09-08 17:19:40 [WRN] Report rejected because the JSON is invalid: The JSON value could not be converted to System.Nullable`1[System.DateTimeOffset]. Path: $.timestamp | LineNumber: 0 | BytePositionInLine: 36.
2026-09-08 17:19:40 [WRN] Report rejected because the JSON is invalid: The JSON value could not be converted to System.Nullable`1[System.DateTimeOffset]. Path: $.timestamp | LineNumber: 0 | BytePositionInLine: 33.
2026-09-08 17:19:40 [WRN] Report rejected because the JSON is invalid: The JSON value could not be converted to System.Nullable`1[Consumer.Models.ReportPriority]. Path: $.priority | LineNumber: 0 | BytePositionInLine: 212.
2026-09-08 17:19:40 [WRN] Report REP-0410 rejected: priority 'HIGH' is not allowed
2026-09-08 17:19:40 [WRN] Report rejected because the JSON is invalid: The JSON value could not be converted to System.Nullable`1[Consumer.Models.ReportType]. Path: $.reportType | LineNumber: 0 | BytePositionInLine: 194.
2026-09-08 17:19:40 [WRN] Report rejected because the JSON is invalid: The JSON value could not be converted to System.Nullable`1[Consumer.Models.ReportType]. Path: $.reportType | LineNumber: 0 | BytePositionInLine: 190.
2026-09-08 17:19:40 [INF] Report REP-0413 is valid
2026-09-08 17:19:40 [INF] Report REP-0414 is valid
2026-09-08 17:19:40 [WRN] Report REP-0415 rejected: subjectId and subjectType must appear together
2026-09-08 17:19:40 [WRN] Report REP-0416 rejected: subjectId and subjectType must appear together
2026-09-08 17:19:40 [WRN] Report REP-0417 rejected: subjectId and subjectType must appear together
2026-09-08 17:19:40 [WRN] Report REP-0418 rejected: subjectId and subjectType must appear together
2026-09-08 17:19:40 [INF] Report REP-0419 is valid
2026-09-08 17:19:40 [INF] Report REP-0420 is valid
2026-09-08 17:19:40 [INF] Report REP-0001 is valid
2026-09-08 17:19:40 [INF] Report REP-0002 is valid
2026-09-08 17:19:40 [INF] Report REP-0003 is valid
2026-09-08 17:19:40 [INF] Report REP-0004 is valid
2026-09-08 17:19:40 [INF] Report REP-0005 is valid
2026-09-08 17:19:40 [INF] Report REP-0006 is valid
2026-09-08 17:19:40 [INF] Report REP-0007 is valid
2026-09-08 17:19:40 [INF] Report REP-0008 is valid
2026-09-08 17:19:40 [INF] Report REP-0009 is valid
2026-09-08 17:19:40 [INF] Report REP-0010 is valid
2026-09-08 17:19:40 [INF] Report REP-0011 is valid
2026-09-08 17:19:40 [INF] Report REP-0012 is valid
2026-09-08 17:19:40 [INF] Report REP-0013 is valid
2026-09-08 17:19:40 [INF] Report REP-0014 is valid
2026-09-08 17:19:40 [INF] Report REP-0015 is valid
2026-09-08 17:19:40 [INF] Report REP-0016 is valid
2026-09-08 17:19:40 [INF] Report REP-0017 is valid
2026-09-08 17:19:40 [INF] Report REP-0018 is valid
2026-09-08 17:19:40 [INF] Report REP-0019 is valid
2026-09-08 17:19:40 [INF] Report REP-0020 is valid
2026-09-08 17:19:40 [INF] Report REP-0021 is valid
2026-09-08 17:19:40 [INF] Report REP-0022 is valid
2026-09-08 17:19:40 [INF] Report REP-0023 is valid
2026-09-08 17:19:40 [INF] Report REP-0024 is valid
2026-09-08 17:19:40 [INF] Report REP-0025 is valid
2026-09-08 17:19:40 [INF] Report REP-0026 is valid
2026-09-08 17:19:40 [INF] Report REP-0027 is valid
2026-09-08 17:19:40 [INF] Report REP-0028 is valid
2026-09-08 17:19:40 [INF] Report REP-0029 is valid
2026-09-08 17:19:40 [INF] Report REP-0030 is valid
2026-09-08 17:19:40 [INF] Report REP-0031 is valid
2026-09-08 17:19:40 [INF] Report REP-0032 is valid
2026-09-08 17:19:40 [INF] Report REP-0033 is valid
2026-09-08 17:19:40 [INF] Report REP-0034 is valid
2026-09-08 17:19:40 [INF] Report REP-0035 is valid
2026-09-08 17:19:40 [INF] Report REP-0036 is valid
2026-09-08 17:19:40 [INF] Report REP-0037 is valid
2026-09-08 17:19:40 [INF] Report REP-0038 is valid
2026-09-08 17:19:40 [INF] Report REP-0039 is valid
2026-09-08 17:19:40 [INF] Report REP-0040 is valid
2026-09-08 17:19:40 [INF] Report REP-0041 is valid
2026-09-08 17:19:40 [INF] Report REP-0042 is valid
2026-09-08 17:19:40 [INF] Report REP-0043 is valid
2026-09-08 17:19:40 [INF] Report REP-0044 is valid
2026-09-08 17:19:40 [INF] Report REP-0045 is valid
2026-09-08 17:19:40 [INF] Report REP-0046 is valid
2026-09-08 17:19:40 [INF] Report REP-0047 is valid
2026-09-08 17:19:40 [INF] Report REP-0048 is valid
2026-09-08 17:19:40 [INF] Report REP-0049 is valid
2026-09-08 17:19:40 [INF] Report REP-0050 is valid
2026-09-08 17:19:40 [INF] Report REP-0051 is valid
2026-09-08 17:19:40 [INF] Report REP-0052 is valid
2026-09-08 17:19:40 [INF] Report REP-0053 is valid
2026-09-08 17:19:40 [INF] Report REP-0054 is valid
2026-09-08 17:19:40 [INF] Report REP-0055 is valid
2026-09-08 17:19:40 [INF] Report REP-0056 is valid
2026-09-08 17:19:40 [INF] Report REP-0057 is valid
2026-09-08 17:19:40 [INF] Report REP-0058 is valid
2026-09-08 17:19:40 [INF] Report REP-0059 is valid
2026-09-08 17:19:40 [INF] Report REP-0060 is valid
2026-09-08 17:19:40 [INF] Report REP-0061 is valid
2026-09-08 17:19:40 [INF] Report REP-0062 is valid
2026-09-08 17:19:40 [INF] Report REP-0063 is valid
2026-09-08 17:19:40 [INF] Report REP-0064 is valid
2026-09-08 17:19:40 [INF] Report REP-0065 is valid
2026-09-08 17:19:40 [INF] Report REP-0066 is valid
2026-09-08 17:19:40 [INF] Report REP-0067 is valid
2026-09-08 17:19:40 [INF] Report REP-0068 is valid
2026-09-08 17:19:40 [INF] Report REP-0069 is valid
2026-09-08 17:19:40 [INF] Report REP-0070 is valid
2026-09-08 17:19:40 [INF] Report REP-0071 is valid
2026-09-08 17:19:40 [INF] Report REP-0072 is valid
2026-09-08 17:19:40 [INF] Report REP-0073 is valid
2026-09-08 17:19:40 [INF] Report REP-0074 is valid
2026-09-08 17:19:40 [INF] Report REP-0075 is valid
2026-09-08 17:19:40 [INF] Report REP-0076 is valid
2026-09-08 17:19:40 [INF] Report REP-0077 is valid
2026-09-08 17:19:40 [INF] Report REP-0078 is valid
2026-09-08 17:19:40 [INF] Report REP-0079 is valid
2026-09-08 17:19:40 [INF] Report REP-0080 is valid
2026-09-08 17:19:40 [INF] Report REP-0081 is valid
2026-09-08 17:19:40 [INF] Report REP-0082 is valid
2026-09-08 17:19:40 [INF] Report REP-0083 is valid
2026-09-08 17:19:40 [INF] Report REP-0084 is valid
2026-09-08 17:19:40 [INF] Report REP-0085 is valid
2026-09-08 17:19:40 [INF] Report REP-0086 is valid
2026-09-08 17:19:40 [INF] Report REP-0087 is valid
2026-09-08 17:19:40 [INF] Report REP-0088 is valid
2026-09-08 17:19:40 [INF] Report REP-0089 is valid
2026-09-08 17:19:40 [INF] Report REP-0090 is valid
2026-09-08 17:19:40 [INF] Report REP-0091 is valid
2026-09-08 17:19:40 [INF] Report REP-0092 is valid
2026-09-08 17:19:40 [INF] Report REP-0093 is valid
2026-09-08 17:19:40 [INF] Report REP-0094 is valid
2026-09-08 17:19:40 [INF] Report REP-0095 is valid
2026-09-08 17:19:40 [INF] Report REP-0096 is valid
2026-09-08 17:19:40 [INF] Report REP-0097 is valid
2026-09-08 17:19:40 [INF] Report REP-0098 is valid
2026-09-08 17:19:40 [INF] Report REP-0099 is valid
2026-09-08 17:19:40 [INF] Report REP-0100 is valid
2026-09-08 17:19:40 [INF] Report REP-0101 is valid
2026-09-08 17:19:40 [INF] Report REP-0102 is valid
2026-09-08 17:19:40 [INF] Report REP-0103 is valid
2026-09-08 17:19:40 [INF] Report REP-0104 is valid
2026-09-08 17:19:40 [INF] Report REP-0105 is valid
2026-09-08 17:19:40 [INF] Report REP-0106 is valid
2026-09-08 17:19:40 [INF] Report REP-0107 is valid
2026-09-08 17:19:40 [INF] Report REP-0108 is valid
2026-09-08 17:19:40 [INF] Report REP-0109 is valid
2026-09-08 17:19:40 [INF] Report REP-0110 is valid
2026-09-08 17:19:40 [INF] Report REP-0111 is valid
2026-09-08 17:19:40 [INF] Report REP-0112 is valid
2026-09-08 17:19:40 [INF] Report REP-0113 is valid
2026-09-08 17:19:40 [INF] Report REP-0114 is valid
2026-09-08 17:19:40 [INF] Report REP-0115 is valid
2026-09-08 17:19:40 [INF] Report REP-0116 is valid
2026-09-08 17:19:40 [INF] Report REP-0117 is valid
2026-09-08 17:19:40 [INF] Report REP-0118 is valid
2026-09-08 17:19:40 [INF] Report REP-0119 is valid
2026-09-08 17:19:40 [INF] Report REP-0120 is valid
2026-09-08 17:19:40 [INF] Report REP-0121 is valid
2026-09-08 17:19:40 [INF] Report REP-0122 is valid
2026-09-08 17:19:40 [INF] Report REP-0123 is valid
2026-09-08 17:19:40 [INF] Report REP-0124 is valid
2026-09-08 17:19:40 [INF] Report REP-0125 is valid
2026-09-08 17:19:40 [INF] Report REP-0126 is valid
2026-09-08 17:19:40 [INF] Report REP-0127 is valid
2026-09-08 17:19:40 [INF] Report REP-0128 is valid
2026-09-08 17:19:40 [INF] Report REP-0129 is valid
2026-09-08 17:19:40 [INF] Report REP-0130 is valid
2026-09-08 17:19:40 [INF] Report REP-0131 is valid
2026-09-08 17:19:40 [INF] Report REP-0132 is valid
2026-09-08 17:19:40 [INF] Report REP-0133 is valid
2026-09-08 17:19:40 [INF] Report REP-0134 is valid
2026-09-08 17:19:40 [INF] Report REP-0135 is valid
2026-09-08 17:19:40 [INF] Report REP-0136 is valid
2026-09-08 17:19:40 [INF] Report REP-0137 is valid
2026-09-08 17:19:40 [INF] Report REP-0138 is valid
2026-09-08 17:19:40 [INF] Report REP-0139 is valid
2026-09-08 17:19:40 [INF] Report REP-0140 is valid
2026-09-08 17:19:40 [INF] Report REP-0141 is valid
2026-09-08 17:19:40 [INF] Report REP-0142 is valid
2026-09-08 17:19:40 [INF] Report REP-0143 is valid
2026-09-08 17:19:40 [INF] Report REP-0144 is valid
2026-09-08 17:19:40 [INF] Report REP-0145 is valid
2026-09-08 17:19:40 [INF] Report REP-0146 is valid
2026-09-08 17:19:40 [INF] Report REP-0147 is valid
2026-09-08 17:19:40 [INF] Report REP-0148 is valid
2026-09-08 17:19:40 [INF] Report REP-0149 is valid
2026-09-08 17:19:40 [INF] Report REP-0150 is valid
2026-09-08 17:19:40 [INF] Report REP-0151 is valid
2026-09-08 17:19:40 [INF] Report REP-0152 is valid
2026-09-08 17:19:40 [INF] Report REP-0153 is valid
2026-09-08 17:19:40 [INF] Report REP-0154 is valid
2026-09-08 17:19:40 [INF] Report REP-0155 is valid
2026-09-08 17:19:40 [INF] Report REP-0156 is valid
2026-09-08 17:19:40 [INF] Report REP-0157 is valid
2026-09-08 17:19:40 [INF] Report REP-0158 is valid
2026-09-08 17:19:40 [INF] Report REP-0159 is valid
2026-09-08 17:19:40 [INF] Report REP-0160 is valid
2026-09-08 17:19:40 [INF] Report REP-0161 is valid
2026-09-08 17:19:40 [INF] Report REP-0162 is valid
2026-09-08 17:19:40 [INF] Report REP-0163 is valid
2026-09-08 17:19:40 [INF] Report REP-0164 is valid
2026-09-08 17:19:40 [INF] Report REP-0165 is valid
2026-09-08 17:19:40 [INF] Report REP-0166 is valid
2026-09-08 17:19:40 [INF] Report REP-0167 is valid
2026-09-08 17:19:40 [INF] Report REP-0168 is valid
2026-09-08 17:19:40 [INF] Report REP-0169 is valid
2026-09-08 17:19:40 [INF] Report REP-0170 is valid
2026-09-08 17:19:40 [INF] Report REP-0171 is valid
2026-09-08 17:19:40 [INF] Report REP-0172 is valid
2026-09-08 17:19:40 [INF] Report REP-0173 is valid
2026-09-08 17:19:40 [INF] Report REP-0174 is valid
2026-09-08 17:19:40 [INF] Report REP-0175 is valid
2026-09-08 17:19:40 [INF] Report REP-0176 is valid
2026-09-08 17:19:40 [INF] Report REP-0177 is valid
2026-09-08 17:19:40 [INF] Report REP-0178 is valid
2026-09-08 17:19:40 [INF] Report REP-0179 is valid
2026-09-08 17:19:40 [INF] Report REP-0180 is valid
2026-09-08 17:19:40 [INF] Report REP-0181 is valid
2026-09-08 17:19:40 [INF] Report REP-0182 is valid
2026-09-08 17:19:40 [INF] Report REP-0183 is valid
2026-09-08 17:19:40 [INF] Report REP-0184 is valid
2026-09-08 17:19:40 [INF] Report REP-0185 is valid
2026-09-08 17:19:40 [INF] Report REP-0186 is valid
2026-09-08 17:19:40 [INF] Report REP-0187 is valid
2026-09-08 17:19:40 [INF] Report REP-0188 is valid
2026-09-08 17:19:40 [INF] Report REP-0189 is valid
2026-09-08 17:19:40 [INF] Report REP-0190 is valid
2026-09-08 17:19:40 [INF] Report REP-0191 is valid
2026-09-08 17:19:40 [INF] Report REP-0192 is valid
2026-09-08 17:19:40 [INF] Report REP-0193 is valid
2026-09-08 17:19:40 [INF] Report REP-0194 is valid
2026-09-08 17:19:40 [INF] Report REP-0195 is valid
2026-09-08 17:19:40 [INF] Report REP-0196 is valid
2026-09-08 17:19:40 [INF] Report REP-0197 is valid
2026-09-08 17:19:40 [INF] Report REP-0198 is valid
2026-09-08 17:19:40 [INF] Report REP-0199 is valid
2026-09-08 17:19:40 [INF] Report REP-0200 is valid
2026-09-08 17:19:40 [INF] Report REP-0201 is valid
2026-09-08 17:19:40 [INF] Report REP-0202 is valid
2026-09-08 17:19:40 [INF] Report REP-0203 is valid
2026-09-08 17:19:40 [INF] Report REP-0204 is valid
2026-09-08 17:19:40 [INF] Report REP-0205 is valid
2026-09-08 17:19:40 [INF] Report REP-0206 is valid
2026-09-08 17:19:40 [INF] Report REP-0207 is valid
2026-09-08 17:19:40 [INF] Report REP-0208 is valid
2026-09-08 17:19:40 [INF] Report REP-0209 is valid
2026-09-08 17:19:40 [INF] Report REP-0210 is valid
2026-09-08 17:19:40 [INF] Report REP-0211 is valid
2026-09-08 17:19:40 [INF] Report REP-0212 is valid
2026-09-08 17:19:40 [INF] Report REP-0213 is valid
2026-09-08 17:19:40 [INF] Report REP-0214 is valid
2026-09-08 17:19:40 [INF] Report REP-0215 is valid
2026-09-08 17:19:40 [INF] Report REP-0216 is valid
2026-09-08 17:19:40 [INF] Report REP-0217 is valid
2026-09-08 17:19:40 [INF] Report REP-0218 is valid
2026-09-08 17:19:40 [INF] Report REP-0219 is valid
2026-09-08 17:19:40 [INF] Report REP-0220 is valid
2026-09-08 17:19:40 [INF] Report REP-0221 is valid
2026-09-08 17:19:40 [INF] Report REP-0222 is valid
2026-09-08 17:19:40 [INF] Report REP-0223 is valid
2026-09-08 17:19:40 [INF] Report REP-0224 is valid
2026-09-08 17:19:40 [INF] Report REP-0225 is valid
2026-09-08 17:19:40 [INF] Report REP-0226 is valid
2026-09-08 17:19:40 [INF] Report REP-0227 is valid
2026-09-08 17:19:40 [INF] Report REP-0228 is valid
2026-09-08 17:19:40 [INF] Report REP-0229 is valid
2026-09-08 17:19:40 [INF] Report REP-0230 is valid
2026-09-08 17:19:40 [INF] Report REP-0231 is valid
2026-09-08 17:19:40 [INF] Report REP-0232 is valid
2026-09-08 17:19:40 [INF] Report REP-0233 is valid
2026-09-08 17:19:40 [INF] Report REP-0234 is valid
2026-09-08 17:19:40 [INF] Report REP-0235 is valid
2026-09-08 17:19:40 [INF] Report REP-0236 is valid
2026-09-08 17:19:40 [INF] Report REP-0237 is valid
2026-09-08 17:19:40 [INF] Report REP-0238 is valid
2026-09-08 17:19:40 [INF] Report REP-0239 is valid
2026-09-08 17:19:40 [INF] Report REP-0240 is valid
2026-09-08 17:19:40 [INF] Report REP-0241 is valid
2026-09-08 17:19:40 [INF] Report REP-0242 is valid
2026-09-08 17:19:40 [INF] Report REP-0243 is valid
2026-09-08 17:19:40 [INF] Report REP-0244 is valid
2026-09-08 17:19:40 [INF] Report REP-0245 is valid
2026-09-08 17:19:40 [INF] Report REP-0246 is valid
2026-09-08 17:19:40 [INF] Report REP-0247 is valid
2026-09-08 17:19:40 [INF] Report REP-0248 is valid
2026-09-08 17:19:40 [INF] Report REP-0249 is valid
2026-09-08 17:19:40 [INF] Report REP-0250 is valid
2026-09-08 17:19:40 [INF] Report REP-0251 is valid
2026-09-08 17:19:40 [INF] Report REP-0252 is valid
2026-09-08 17:19:40 [INF] Report REP-0253 is valid
2026-09-08 17:19:40 [INF] Report REP-0254 is valid
2026-09-08 17:19:40 [INF] Report REP-0255 is valid
2026-09-08 17:19:40 [INF] Report REP-0256 is valid
2026-09-08 17:19:40 [INF] Report REP-0257 is valid
2026-09-08 17:19:40 [INF] Report REP-0258 is valid
2026-09-08 17:19:40 [INF] Report REP-0259 is valid
2026-09-08 17:19:40 [INF] Report REP-0260 is valid
2026-09-08 17:19:40 [INF] Report REP-0261 is valid
2026-09-08 17:19:40 [INF] Report REP-0262 is valid
2026-09-08 17:19:40 [INF] Report REP-0263 is valid
2026-09-08 17:19:40 [INF] Report REP-0264 is valid
2026-09-08 17:19:40 [INF] Report REP-0265 is valid
2026-09-08 17:19:40 [INF] Report REP-0266 is valid
2026-09-08 17:19:40 [INF] Report REP-0267 is valid
2026-09-08 17:19:40 [INF] Report REP-0268 is valid
2026-09-08 17:19:40 [INF] Report REP-0269 is valid
2026-09-08 17:19:40 [INF] Report REP-0270 is valid
2026-09-08 17:19:40 [INF] Report REP-0271 is valid
2026-09-08 17:19:40 [INF] Report REP-0272 is valid
2026-09-08 17:19:40 [INF] Report REP-0273 is valid
2026-09-08 17:19:40 [INF] Report REP-0274 is valid
2026-09-08 17:19:40 [INF] Report REP-0275 is valid
2026-09-08 17:19:40 [INF] Report REP-0276 is valid
2026-09-08 17:19:40 [INF] Report REP-0277 is valid
2026-09-08 17:19:40 [INF] Report REP-0278 is valid
2026-09-08 17:19:40 [INF] Report REP-0279 is valid
2026-09-08 17:19:40 [INF] Report REP-0280 is valid
2026-09-08 17:19:40 [INF] Report REP-0281 is valid
2026-09-08 17:19:40 [INF] Report REP-0282 is valid
2026-09-08 17:19:40 [INF] Report REP-0283 is valid
2026-09-08 17:19:40 [INF] Report REP-0284 is valid
2026-09-08 17:19:40 [INF] Report REP-0285 is valid
2026-09-08 17:19:40 [INF] Report REP-0286 is valid
2026-09-08 17:19:40 [INF] Report REP-0287 is valid
2026-09-08 17:19:40 [INF] Report REP-0288 is valid
2026-09-08 17:19:40 [INF] Report REP-0289 is valid
2026-09-08 17:19:40 [INF] Report REP-0290 is valid
2026-09-08 17:19:40 [INF] Report REP-0291 is valid
2026-09-08 17:19:40 [INF] Report REP-0292 is valid
2026-09-08 17:19:40 [INF] Report REP-0293 is valid
2026-09-08 17:19:40 [INF] Report REP-0294 is valid
2026-09-08 17:19:40 [INF] Report REP-0295 is valid
2026-09-08 17:19:40 [INF] Report REP-0296 is valid
2026-09-08 17:19:40 [INF] Report REP-0297 is valid
2026-09-08 17:19:40 [INF] Report REP-0298 is valid
2026-09-08 17:19:40 [INF] Report REP-0299 is valid
2026-09-08 17:19:40 [INF] Report REP-0300 is valid
2026-09-08 17:19:40 [INF] Report REP-0301 is valid
2026-09-08 17:19:40 [INF] Report REP-0302 is valid
2026-09-08 17:19:40 [INF] Report REP-0303 is valid
2026-09-08 17:19:40 [INF] Report REP-0304 is valid
2026-09-08 17:19:40 [INF] Report REP-0305 is valid
2026-09-08 17:19:40 [INF] Report REP-0306 is valid
2026-09-08 17:19:40 [INF] Report REP-0307 is valid
2026-09-08 17:19:40 [INF] Report REP-0308 is valid
2026-09-08 17:19:40 [INF] Report REP-0309 is valid
2026-09-08 17:19:40 [INF] Report REP-0310 is valid
2026-09-08 17:19:40 [INF] Report REP-0311 is valid
2026-09-08 17:19:40 [INF] Report REP-0312 is valid
2026-09-08 17:19:40 [INF] Report REP-0313 is valid
2026-09-08 17:19:40 [INF] Report REP-0314 is valid
2026-09-08 17:19:40 [INF] Report REP-0315 is valid
2026-09-08 17:19:40 [INF] Report REP-0316 is valid
2026-09-08 17:19:40 [INF] Report REP-0317 is valid
2026-09-08 17:19:40 [INF] Report REP-0318 is valid
2026-09-08 17:19:40 [INF] Report REP-0319 is valid
2026-09-08 17:19:40 [INF] Report REP-0320 is valid
2026-09-08 17:19:40 [INF] Report REP-0321 is valid
2026-09-08 17:19:40 [INF] Report REP-0322 is valid
2026-09-08 17:19:40 [INF] Report REP-0323 is valid
2026-09-08 17:19:40 [INF] Report REP-0324 is valid
2026-09-08 17:19:40 [INF] Report REP-0325 is valid
2026-09-08 17:19:40 [INF] Report REP-0326 is valid
2026-09-08 17:19:40 [INF] Report REP-0327 is valid
2026-09-08 17:19:40 [INF] Report REP-0328 is valid
2026-09-08 17:19:40 [INF] Report REP-0329 is valid
2026-09-08 17:19:40 [INF] Report REP-0330 is valid
2026-09-08 17:19:40 [INF] Report REP-0331 is valid
2026-09-08 17:19:40 [INF] Report REP-0332 is valid
2026-09-08 17:19:40 [INF] Report REP-0333 is valid
2026-09-08 17:19:40 [INF] Report REP-0334 is valid
2026-09-08 17:19:40 [INF] Report REP-0335 is valid
2026-09-08 17:19:40 [INF] Report REP-0336 is valid
2026-09-08 17:19:40 [INF] Report REP-0337 is valid
2026-09-08 17:19:40 [INF] Report REP-0338 is valid
2026-09-08 17:19:40 [INF] Report REP-0339 is valid
2026-09-08 17:19:40 [INF] Report REP-0340 is valid
2026-09-08 17:19:40 [INF] Report REP-0341 is valid
2026-09-08 17:19:40 [INF] Report REP-0342 is valid
2026-09-08 17:19:40 [INF] Report REP-0343 is valid
2026-09-08 17:19:40 [INF] Report REP-0344 is valid
2026-09-08 17:19:40 [INF] Report REP-0345 is valid
2026-09-08 17:19:40 [INF] Report REP-0346 is valid
2026-09-08 17:19:40 [INF] Report REP-0347 is valid
2026-09-08 17:19:40 [INF] Report REP-0348 is valid
2026-09-08 17:19:40 [INF] Report REP-0349 is valid
2026-09-08 17:19:40 [INF] Report REP-0350 is valid
2026-09-08 17:19:40 [INF] Report REP-0351 is valid
2026-09-08 17:19:40 [INF] Report REP-0352 is valid
2026-09-08 17:19:40 [INF] Report REP-0353 is valid
2026-09-08 17:19:40 [INF] Report REP-0354 is valid
2026-09-08 17:19:40 [INF] Report REP-0355 is valid
2026-09-08 17:19:40 [INF] Report REP-0356 is valid
2026-09-08 17:19:40 [INF] Report REP-0357 is valid
2026-09-08 17:19:40 [INF] Report REP-0358 is valid
2026-09-08 17:19:40 [INF] Report REP-0359 is valid
2026-09-08 17:19:40 [INF] Report REP-0360 is valid
2026-09-08 17:19:40 [INF] Report REP-0361 is valid
2026-09-08 17:19:40 [INF] Report REP-0362 is valid
2026-09-08 17:19:40 [INF] Report REP-0363 is valid
2026-09-08 17:19:40 [INF] Report REP-0364 is valid
2026-09-08 17:19:40 [INF] Report REP-0365 is valid
2026-09-08 17:19:40 [INF] Report REP-0366 is valid
2026-09-08 17:19:40 [INF] Report REP-0367 is valid
2026-09-08 17:19:40 [INF] Report REP-0368 is valid
2026-09-08 17:19:40 [INF] Report REP-0369 is valid
2026-09-08 17:19:40 [INF] Report REP-0370 is valid
2026-09-08 17:19:40 [INF] Report REP-0371 is valid
2026-09-08 17:19:40 [INF] Report REP-0372 is valid
2026-09-08 17:19:40 [INF] Report REP-0373 is valid
2026-09-08 17:19:40 [INF] Report REP-0374 is valid
2026-09-08 17:19:40 [INF] Report REP-0375 is valid
2026-09-08 17:19:40 [INF] Report REP-0376 is valid
2026-09-08 17:19:40 [INF] Report REP-0377 is valid
2026-09-08 17:19:40 [INF] Report REP-0378 is valid
2026-09-08 17:19:40 [INF] Report REP-0379 is valid
2026-09-08 17:19:40 [INF] Report REP-0380 is valid
2026-09-08 17:19:40 [INF] Report REP-0381 is valid
2026-09-08 17:19:40 [INF] Report REP-0382 is valid
2026-09-08 17:19:40 [INF] Report REP-0383 is valid
2026-09-08 17:19:40 [INF] Report REP-0384 is valid
2026-09-08 17:19:40 [INF] Report REP-0385 is valid
2026-09-08 17:19:40 [INF] Report REP-0386 is valid
2026-09-08 17:19:40 [INF] Report REP-0387 is valid
2026-09-08 17:19:40 [INF] Report REP-0388 is valid
2026-09-08 17:19:40 [INF] Report REP-0389 is valid
2026-09-08 17:19:40 [INF] Report REP-0390 is valid
2026-09-08 17:19:40 [INF] Report REP-0391 is valid
2026-09-08 17:19:40 [INF] Report REP-0392 is valid
2026-09-08 17:19:40 [INF] Report REP-0393 is valid
2026-09-08 17:19:40 [INF] Report REP-0394 is valid
2026-09-08 17:19:40 [INF] Report REP-0395 is valid
2026-09-08 17:19:40 [INF] Report REP-0396 is valid
2026-09-08 17:19:40 [INF] Report REP-0397 is valid
2026-09-08 17:19:40 [INF] Report REP-0398 is valid
2026-09-08 17:19:40 [INF] Report REP-0399 is valid
2026-09-08 17:19:40 [INF] Report REP-0400 is valid
2026-09-08 17:19:40 [WRN] Report REP-0401 rejected: message is missing
2026-09-08 17:19:40 [WRN] Report REP-0402 rejected: unit is missing
2026-09-08 17:19:40 [WRN] Report REP-0403 rejected: sourceType is missing
2026-09-08 17:19:40 [WRN] Report REP-0404 rejected: message is missing
2026-09-08 17:19:40 [WRN] Report REP-0405 rejected: theater is missing
2026-09-08 17:19:40 [WRN] Report rejected because the JSON is invalid: The JSON value could not be converted to System.Nullable`1[Consumer.Models.ReportType]. Path: $.reportType | LineNumber: 0 | BytePositionInLine: 188.
2026-09-08 17:19:40 [WRN] Report rejected because the JSON is invalid: The JSON value could not be converted to System.Nullable`1[System.DateTimeOffset]. Path: $.timestamp | LineNumber: 0 | BytePositionInLine: 36.
2026-09-08 17:19:40 [WRN] Report rejected because the JSON is invalid: The JSON value could not be converted to System.Nullable`1[System.DateTimeOffset]. Path: $.timestamp | LineNumber: 0 | BytePositionInLine: 33.
2026-09-08 17:19:40 [WRN] Report rejected because the JSON is invalid: The JSON value could not be converted to System.Nullable`1[Consumer.Models.ReportPriority]. Path: $.priority | LineNumber: 0 | BytePositionInLine: 212.
2026-09-08 17:19:40 [WRN] Report REP-0410 rejected: priority 'HIGH' is not allowed
2026-09-08 17:19:40 [WRN] Report rejected because the JSON is invalid: The JSON value could not be converted to System.Nullable`1[Consumer.Models.ReportType]. Path: $.reportType | LineNumber: 0 | BytePositionInLine: 194.
2026-09-08 17:19:40 [WRN] Report rejected because the JSON is invalid: The JSON value could not be converted to System.Nullable`1[Consumer.Models.ReportType]. Path: $.reportType | LineNumber: 0 | BytePositionInLine: 190.
2026-09-08 17:19:40 [INF] Report REP-0413 is valid
2026-09-08 17:19:40 [INF] Report REP-0414 is valid
2026-09-08 17:19:40 [WRN] Report REP-0415 rejected: subjectId and subjectType must appear together
2026-09-08 17:19:40 [WRN] Report REP-0416 rejected: subjectId and subjectType must appear together
2026-09-08 17:19:40 [WRN] Report REP-0417 rejected: subjectId and subjectType must appear together
2026-09-08 17:19:40 [WRN] Report REP-0418 rejected: subjectId and subjectType must appear together
2026-09-08 17:19:40 [INF] Report REP-0419 is valid
2026-09-08 17:19:40 [INF] Report REP-0420 is valid
2026-09-08 17:20:31 [INF] Consumer stopped
2026-09-08 17:20:34 [INF] Consumer is listening to topic field-reports
2026-09-08 17:20:37 [INF] Report REP-0001 is valid
2026-09-08 17:20:37 [INF] Report REP-0002 is valid
2026-09-08 17:20:37 [INF] Report REP-0003 is valid
2026-09-08 17:20:37 [INF] Report REP-0004 is valid
2026-09-08 17:20:37 [INF] Report REP-0005 is valid
2026-09-08 17:20:37 [INF] Report REP-0006 is valid
2026-09-08 17:20:37 [INF] Report REP-0007 is valid
2026-09-08 17:20:37 [INF] Report REP-0008 is valid
2026-09-08 17:20:37 [INF] Report REP-0009 is valid
2026-09-08 17:20:37 [INF] Report REP-0010 is valid
2026-09-08 17:20:37 [INF] Report REP-0011 is valid
2026-09-08 17:20:37 [INF] Report REP-0012 is valid
2026-09-08 17:20:37 [INF] Report REP-0013 is valid
2026-09-08 17:20:37 [INF] Report REP-0014 is valid
2026-09-08 17:20:37 [INF] Report REP-0015 is valid
2026-09-08 17:20:37 [INF] Report REP-0016 is valid
2026-09-08 17:20:37 [INF] Report REP-0017 is valid
2026-09-08 17:20:37 [INF] Report REP-0018 is valid
2026-09-08 17:20:37 [INF] Report REP-0019 is valid
2026-09-08 17:20:37 [INF] Report REP-0020 is valid
2026-09-08 17:20:37 [INF] Report REP-0021 is valid
2026-09-08 17:20:37 [INF] Report REP-0022 is valid
2026-09-08 17:20:37 [INF] Report REP-0023 is valid
2026-09-08 17:20:37 [INF] Report REP-0024 is valid
2026-09-08 17:20:37 [INF] Report REP-0025 is valid
2026-09-08 17:20:37 [INF] Report REP-0026 is valid
2026-09-08 17:20:37 [INF] Report REP-0027 is valid
2026-09-08 17:20:37 [INF] Report REP-0028 is valid
2026-09-08 17:20:37 [INF] Report REP-0029 is valid
2026-09-08 17:20:37 [INF] Report REP-0030 is valid
2026-09-08 17:20:37 [INF] Report REP-0031 is valid
2026-09-08 17:20:37 [INF] Report REP-0032 is valid
2026-09-08 17:20:37 [INF] Report REP-0033 is valid
2026-09-08 17:20:37 [INF] Report REP-0034 is valid
2026-09-08 17:20:37 [INF] Report REP-0035 is valid
2026-09-08 17:20:37 [INF] Report REP-0036 is valid
2026-09-08 17:20:37 [INF] Report REP-0037 is valid
2026-09-08 17:20:37 [INF] Report REP-0038 is valid
2026-09-08 17:20:37 [INF] Report REP-0039 is valid
2026-09-08 17:20:37 [INF] Report REP-0040 is valid
2026-09-08 17:20:37 [INF] Report REP-0041 is valid
2026-09-08 17:20:37 [INF] Report REP-0042 is valid
2026-09-08 17:20:37 [INF] Report REP-0043 is valid
2026-09-08 17:20:37 [INF] Report REP-0044 is valid
2026-09-08 17:20:37 [INF] Report REP-0045 is valid
2026-09-08 17:20:37 [INF] Report REP-0046 is valid
2026-09-08 17:20:37 [INF] Report REP-0047 is valid
2026-09-08 17:20:37 [INF] Report REP-0048 is valid
2026-09-08 17:20:37 [INF] Report REP-0049 is valid
2026-09-08 17:20:37 [INF] Report REP-0050 is valid
2026-09-08 17:20:37 [INF] Report REP-0051 is valid
2026-09-08 17:20:37 [INF] Report REP-0052 is valid
2026-09-08 17:20:37 [INF] Report REP-0053 is valid
2026-09-08 17:20:37 [INF] Report REP-0054 is valid
2026-09-08 17:20:37 [INF] Report REP-0055 is valid
2026-09-08 17:20:37 [INF] Report REP-0056 is valid
2026-09-08 17:20:37 [INF] Report REP-0057 is valid
2026-09-08 17:20:37 [INF] Report REP-0058 is valid
2026-09-08 17:20:37 [INF] Report REP-0059 is valid
2026-09-08 17:20:37 [INF] Report REP-0060 is valid
2026-09-08 17:20:37 [INF] Report REP-0061 is valid
2026-09-08 17:20:37 [INF] Report REP-0062 is valid
2026-09-08 17:20:37 [INF] Report REP-0063 is valid
2026-09-08 17:20:37 [INF] Report REP-0064 is valid
2026-09-08 17:20:37 [INF] Report REP-0065 is valid
2026-09-08 17:20:37 [INF] Report REP-0066 is valid
2026-09-08 17:20:37 [INF] Report REP-0067 is valid
2026-09-08 17:20:37 [INF] Report REP-0068 is valid
2026-09-08 17:20:37 [INF] Report REP-0069 is valid
2026-09-08 17:20:37 [INF] Report REP-0070 is valid
2026-09-08 17:20:37 [INF] Report REP-0071 is valid
2026-09-08 17:20:37 [INF] Report REP-0072 is valid
2026-09-08 17:20:37 [INF] Report REP-0073 is valid
2026-09-08 17:20:37 [INF] Report REP-0074 is valid
2026-09-08 17:20:37 [INF] Report REP-0075 is valid
2026-09-08 17:20:37 [INF] Report REP-0076 is valid
2026-09-08 17:20:37 [INF] Report REP-0077 is valid
2026-09-08 17:20:37 [INF] Report REP-0078 is valid
2026-09-08 17:20:37 [INF] Report REP-0079 is valid
2026-09-08 17:20:37 [INF] Report REP-0080 is valid
2026-09-08 17:20:37 [INF] Report REP-0081 is valid
2026-09-08 17:20:37 [INF] Report REP-0082 is valid
2026-09-08 17:20:37 [INF] Report REP-0083 is valid
2026-09-08 17:20:37 [INF] Report REP-0084 is valid
2026-09-08 17:20:37 [INF] Report REP-0085 is valid
2026-09-08 17:20:37 [INF] Report REP-0086 is valid
2026-09-08 17:20:37 [INF] Report REP-0087 is valid
2026-09-08 17:20:37 [INF] Report REP-0088 is valid
2026-09-08 17:20:37 [INF] Report REP-0089 is valid
2026-09-08 17:20:37 [INF] Report REP-0090 is valid
2026-09-08 17:20:37 [INF] Report REP-0091 is valid
2026-09-08 17:20:37 [INF] Report REP-0092 is valid
2026-09-08 17:20:37 [INF] Report REP-0093 is valid
2026-09-08 17:20:37 [INF] Report REP-0094 is valid
2026-09-08 17:20:37 [INF] Report REP-0095 is valid
2026-09-08 17:20:37 [INF] Report REP-0096 is valid
2026-09-08 17:20:37 [INF] Report REP-0097 is valid
2026-09-08 17:20:37 [INF] Report REP-0098 is valid
2026-09-08 17:20:37 [INF] Report REP-0099 is valid
2026-09-08 17:20:37 [INF] Report REP-0100 is valid
2026-09-08 17:20:37 [INF] Report REP-0101 is valid
2026-09-08 17:20:37 [INF] Report REP-0102 is valid
2026-09-08 17:20:37 [INF] Report REP-0103 is valid
2026-09-08 17:20:37 [INF] Report REP-0104 is valid
2026-09-08 17:20:37 [INF] Report REP-0105 is valid
2026-09-08 17:20:37 [INF] Report REP-0106 is valid
2026-09-08 17:20:37 [INF] Report REP-0107 is valid
2026-09-08 17:20:37 [INF] Report REP-0108 is valid
2026-09-08 17:20:37 [INF] Report REP-0109 is valid
2026-09-08 17:20:37 [INF] Report REP-0110 is valid
2026-09-08 17:20:37 [INF] Report REP-0111 is valid
2026-09-08 17:20:37 [INF] Report REP-0112 is valid
2026-09-08 17:20:37 [INF] Report REP-0113 is valid
2026-09-08 17:20:37 [INF] Report REP-0114 is valid
2026-09-08 17:20:37 [INF] Report REP-0115 is valid
2026-09-08 17:20:37 [INF] Report REP-0116 is valid
2026-09-08 17:20:37 [INF] Report REP-0117 is valid
2026-09-08 17:20:37 [INF] Report REP-0118 is valid
2026-09-08 17:20:37 [INF] Report REP-0119 is valid
2026-09-08 17:20:37 [INF] Report REP-0120 is valid
2026-09-08 17:20:37 [INF] Report REP-0121 is valid
2026-09-08 17:20:37 [INF] Report REP-0122 is valid
2026-09-08 17:20:37 [INF] Report REP-0123 is valid
2026-09-08 17:20:37 [INF] Report REP-0124 is valid
2026-09-08 17:20:37 [INF] Report REP-0125 is valid
2026-09-08 17:20:37 [INF] Report REP-0126 is valid
2026-09-08 17:20:37 [INF] Report REP-0127 is valid
2026-09-08 17:20:37 [INF] Report REP-0128 is valid
2026-09-08 17:20:37 [INF] Report REP-0129 is valid
2026-09-08 17:20:37 [INF] Report REP-0130 is valid
2026-09-08 17:20:37 [INF] Report REP-0131 is valid
2026-09-08 17:20:37 [INF] Report REP-0132 is valid
2026-09-08 17:20:37 [INF] Report REP-0133 is valid
2026-09-08 17:20:37 [INF] Report REP-0134 is valid
2026-09-08 17:20:37 [INF] Report REP-0135 is valid
2026-09-08 17:20:37 [INF] Report REP-0136 is valid
2026-09-08 17:20:37 [INF] Report REP-0137 is valid
2026-09-08 17:20:37 [INF] Report REP-0138 is valid
2026-09-08 17:20:37 [INF] Report REP-0139 is valid
2026-09-08 17:20:37 [INF] Report REP-0140 is valid
2026-09-08 17:20:37 [INF] Report REP-0141 is valid
2026-09-08 17:20:37 [INF] Report REP-0142 is valid
2026-09-08 17:20:37 [INF] Report REP-0143 is valid
2026-09-08 17:20:37 [INF] Report REP-0144 is valid
2026-09-08 17:20:37 [INF] Report REP-0145 is valid
2026-09-08 17:20:37 [INF] Report REP-0146 is valid
2026-09-08 17:20:37 [INF] Report REP-0147 is valid
2026-09-08 17:20:37 [INF] Report REP-0148 is valid
2026-09-08 17:20:37 [INF] Report REP-0149 is valid
2026-09-08 17:20:37 [INF] Report REP-0150 is valid
2026-09-08 17:20:37 [INF] Report REP-0151 is valid
2026-09-08 17:20:37 [INF] Report REP-0152 is valid
2026-09-08 17:20:37 [INF] Report REP-0153 is valid
2026-09-08 17:20:37 [INF] Report REP-0154 is valid
2026-09-08 17:20:37 [INF] Report REP-0155 is valid
2026-09-08 17:20:37 [INF] Report REP-0156 is valid
2026-09-08 17:20:37 [INF] Report REP-0157 is valid
2026-09-08 17:20:37 [INF] Report REP-0158 is valid
2026-09-08 17:20:37 [INF] Report REP-0159 is valid
2026-09-08 17:20:37 [INF] Report REP-0160 is valid
2026-09-08 17:20:37 [INF] Report REP-0161 is valid
2026-09-08 17:20:37 [INF] Report REP-0162 is valid
2026-09-08 17:20:37 [INF] Report REP-0163 is valid
2026-09-08 17:20:37 [INF] Report REP-0164 is valid
2026-09-08 17:20:37 [INF] Report REP-0165 is valid
2026-09-08 17:20:37 [INF] Report REP-0166 is valid
2026-09-08 17:20:37 [INF] Report REP-0167 is valid
2026-09-08 17:20:37 [INF] Report REP-0168 is valid
2026-09-08 17:20:37 [INF] Report REP-0169 is valid
2026-09-08 17:20:37 [INF] Report REP-0170 is valid
2026-09-08 17:20:37 [INF] Report REP-0171 is valid
2026-09-08 17:20:37 [INF] Report REP-0172 is valid
2026-09-08 17:20:37 [INF] Report REP-0173 is valid
2026-09-08 17:20:37 [INF] Report REP-0174 is valid
2026-09-08 17:20:37 [INF] Report REP-0175 is valid
2026-09-08 17:20:37 [INF] Report REP-0176 is valid
2026-09-08 17:20:37 [INF] Report REP-0177 is valid
2026-09-08 17:20:37 [INF] Report REP-0178 is valid
2026-09-08 17:20:37 [INF] Report REP-0179 is valid
2026-09-08 17:20:37 [INF] Report REP-0180 is valid
2026-09-08 17:20:37 [INF] Report REP-0181 is valid
2026-09-08 17:20:37 [INF] Report REP-0182 is valid
2026-09-08 17:20:37 [INF] Report REP-0183 is valid
2026-09-08 17:20:37 [INF] Report REP-0184 is valid
2026-09-08 17:20:37 [INF] Report REP-0185 is valid
2026-09-08 17:20:37 [INF] Report REP-0186 is valid
2026-09-08 17:20:37 [INF] Report REP-0187 is valid
2026-09-08 17:20:37 [INF] Report REP-0188 is valid
2026-09-08 17:20:37 [INF] Report REP-0189 is valid
2026-09-08 17:20:37 [INF] Report REP-0190 is valid
2026-09-08 17:20:37 [INF] Report REP-0191 is valid
2026-09-08 17:20:37 [INF] Report REP-0192 is valid
2026-09-08 17:20:37 [INF] Report REP-0193 is valid
2026-09-08 17:20:37 [INF] Report REP-0194 is valid
2026-09-08 17:20:37 [INF] Report REP-0195 is valid
2026-09-08 17:20:37 [INF] Report REP-0196 is valid
2026-09-08 17:20:37 [INF] Report REP-0197 is valid
2026-09-08 17:20:37 [INF] Report REP-0198 is valid
2026-09-08 17:20:37 [INF] Report REP-0199 is valid
2026-09-08 17:20:37 [INF] Report REP-0200 is valid
2026-09-08 17:20:37 [INF] Report REP-0201 is valid
2026-09-08 17:20:37 [INF] Report REP-0202 is valid
2026-09-08 17:20:37 [INF] Report REP-0203 is valid
2026-09-08 17:20:37 [INF] Report REP-0204 is valid
2026-09-08 17:20:37 [INF] Report REP-0205 is valid
2026-09-08 17:20:37 [INF] Report REP-0206 is valid
2026-09-08 17:20:37 [INF] Report REP-0207 is valid
2026-09-08 17:20:37 [INF] Report REP-0208 is valid
2026-09-08 17:20:37 [INF] Report REP-0209 is valid
2026-09-08 17:20:37 [INF] Report REP-0210 is valid
2026-09-08 17:20:37 [INF] Report REP-0211 is valid
2026-09-08 17:20:37 [INF] Report REP-0212 is valid
2026-09-08 17:20:37 [INF] Report REP-0213 is valid
2026-09-08 17:20:37 [INF] Report REP-0214 is valid
2026-09-08 17:20:37 [INF] Report REP-0215 is valid
2026-09-08 17:20:37 [INF] Report REP-0216 is valid
2026-09-08 17:20:37 [INF] Report REP-0217 is valid
2026-09-08 17:20:37 [INF] Report REP-0218 is valid
2026-09-08 17:20:37 [INF] Report REP-0219 is valid
2026-09-08 17:20:37 [INF] Report REP-0220 is valid
2026-09-08 17:20:37 [INF] Report REP-0221 is valid
2026-09-08 17:20:37 [INF] Report REP-0222 is valid
2026-09-08 17:20:37 [INF] Report REP-0223 is valid
2026-09-08 17:20:37 [INF] Report REP-0224 is valid
2026-09-08 17:20:37 [INF] Report REP-0225 is valid
2026-09-08 17:20:37 [INF] Report REP-0226 is valid
2026-09-08 17:20:37 [INF] Report REP-0227 is valid
2026-09-08 17:20:37 [INF] Report REP-0228 is valid
2026-09-08 17:20:37 [INF] Report REP-0229 is valid
2026-09-08 17:20:37 [INF] Report REP-0230 is valid
2026-09-08 17:20:37 [INF] Report REP-0231 is valid
2026-09-08 17:20:37 [INF] Report REP-0232 is valid
2026-09-08 17:20:37 [INF] Report REP-0233 is valid
2026-09-08 17:20:37 [INF] Report REP-0234 is valid
2026-09-08 17:20:37 [INF] Report REP-0235 is valid
2026-09-08 17:20:37 [INF] Report REP-0236 is valid
2026-09-08 17:20:37 [INF] Report REP-0237 is valid
2026-09-08 17:20:37 [INF] Report REP-0238 is valid
2026-09-08 17:20:37 [INF] Report REP-0239 is valid
2026-09-08 17:20:37 [INF] Report REP-0240 is valid
2026-09-08 17:20:37 [INF] Report REP-0241 is valid
2026-09-08 17:20:37 [INF] Report REP-0242 is valid
2026-09-08 17:20:37 [INF] Report REP-0243 is valid
2026-09-08 17:20:37 [INF] Report REP-0244 is valid
2026-09-08 17:20:37 [INF] Report REP-0245 is valid
2026-09-08 17:20:37 [INF] Report REP-0246 is valid
2026-09-08 17:20:37 [INF] Report REP-0247 is valid
2026-09-08 17:20:37 [INF] Report REP-0248 is valid
2026-09-08 17:20:37 [INF] Report REP-0249 is valid
2026-09-08 17:20:37 [INF] Report REP-0250 is valid
2026-09-08 17:20:37 [INF] Report REP-0251 is valid
2026-09-08 17:20:37 [INF] Report REP-0252 is valid
2026-09-08 17:20:37 [INF] Report REP-0253 is valid
2026-09-08 17:20:37 [INF] Report REP-0254 is valid
2026-09-08 17:20:37 [INF] Report REP-0255 is valid
2026-09-08 17:20:37 [INF] Report REP-0256 is valid
2026-09-08 17:20:37 [INF] Report REP-0257 is valid
2026-09-08 17:20:37 [INF] Report REP-0258 is valid
2026-09-08 17:20:37 [INF] Report REP-0259 is valid
2026-09-08 17:20:37 [INF] Report REP-0260 is valid
2026-09-08 17:20:37 [INF] Report REP-0261 is valid
2026-09-08 17:20:37 [INF] Report REP-0262 is valid
2026-09-08 17:20:37 [INF] Report REP-0263 is valid
2026-09-08 17:20:37 [INF] Report REP-0264 is valid
2026-09-08 17:20:37 [INF] Report REP-0265 is valid
2026-09-08 17:20:37 [INF] Report REP-0266 is valid
2026-09-08 17:20:37 [INF] Report REP-0267 is valid
2026-09-08 17:20:37 [INF] Report REP-0268 is valid
2026-09-08 17:20:37 [INF] Report REP-0269 is valid
2026-09-08 17:20:37 [INF] Report REP-0270 is valid
2026-09-08 17:20:37 [INF] Report REP-0271 is valid
2026-09-08 17:20:37 [INF] Report REP-0272 is valid
2026-09-08 17:20:37 [INF] Report REP-0273 is valid
2026-09-08 17:20:37 [INF] Report REP-0274 is valid
2026-09-08 17:20:37 [INF] Report REP-0275 is valid
2026-09-08 17:20:37 [INF] Report REP-0276 is valid
2026-09-08 17:20:37 [INF] Report REP-0277 is valid
2026-09-08 17:20:37 [INF] Report REP-0278 is valid
2026-09-08 17:20:37 [INF] Report REP-0279 is valid
2026-09-08 17:20:37 [INF] Report REP-0280 is valid
2026-09-08 17:20:37 [INF] Report REP-0281 is valid
2026-09-08 17:20:37 [INF] Report REP-0282 is valid
2026-09-08 17:20:37 [INF] Report REP-0283 is valid
2026-09-08 17:20:37 [INF] Report REP-0284 is valid
2026-09-08 17:20:37 [INF] Report REP-0285 is valid
2026-09-08 17:20:37 [INF] Report REP-0286 is valid
2026-09-08 17:20:37 [INF] Report REP-0287 is valid
2026-09-08 17:20:37 [INF] Report REP-0288 is valid
2026-09-08 17:20:37 [INF] Report REP-0289 is valid
2026-09-08 17:20:37 [INF] Report REP-0290 is valid
2026-09-08 17:20:37 [INF] Report REP-0291 is valid
2026-09-08 17:20:37 [INF] Report REP-0292 is valid
2026-09-08 17:20:37 [INF] Report REP-0293 is valid
2026-09-08 17:20:37 [INF] Report REP-0294 is valid
2026-09-08 17:20:37 [INF] Report REP-0295 is valid
2026-09-08 17:20:37 [INF] Report REP-0296 is valid
2026-09-08 17:20:37 [INF] Report REP-0297 is valid
2026-09-08 17:20:37 [INF] Report REP-0298 is valid
2026-09-08 17:20:37 [INF] Report REP-0299 is valid
2026-09-08 17:20:37 [INF] Report REP-0300 is valid
2026-09-08 17:20:37 [INF] Report REP-0301 is valid
2026-09-08 17:20:37 [INF] Report REP-0302 is valid
2026-09-08 17:20:37 [INF] Report REP-0303 is valid
2026-09-08 17:20:37 [INF] Report REP-0304 is valid
2026-09-08 17:20:37 [INF] Report REP-0305 is valid
2026-09-08 17:20:37 [INF] Report REP-0306 is valid
2026-09-08 17:20:37 [INF] Report REP-0307 is valid
2026-09-08 17:20:37 [INF] Report REP-0308 is valid
2026-09-08 17:20:37 [INF] Report REP-0309 is valid
2026-09-08 17:20:37 [INF] Report REP-0310 is valid
2026-09-08 17:20:37 [INF] Report REP-0311 is valid
2026-09-08 17:20:37 [INF] Report REP-0312 is valid
2026-09-08 17:20:37 [INF] Report REP-0313 is valid
2026-09-08 17:20:37 [INF] Report REP-0314 is valid
2026-09-08 17:20:37 [INF] Report REP-0315 is valid
2026-09-08 17:20:37 [INF] Report REP-0316 is valid
2026-09-08 17:20:37 [INF] Report REP-0317 is valid
2026-09-08 17:20:37 [INF] Report REP-0318 is valid
2026-09-08 17:20:37 [INF] Report REP-0319 is valid
2026-09-08 17:20:37 [INF] Report REP-0320 is valid
2026-09-08 17:20:37 [INF] Report REP-0321 is valid
2026-09-08 17:20:37 [INF] Report REP-0322 is valid
2026-09-08 17:20:37 [INF] Report REP-0323 is valid
2026-09-08 17:20:37 [INF] Report REP-0324 is valid
2026-09-08 17:20:37 [INF] Report REP-0325 is valid
2026-09-08 17:20:37 [INF] Report REP-0326 is valid
2026-09-08 17:20:37 [INF] Report REP-0327 is valid
2026-09-08 17:20:37 [INF] Report REP-0328 is valid
2026-09-08 17:20:37 [INF] Report REP-0329 is valid
2026-09-08 17:20:37 [INF] Report REP-0330 is valid
2026-09-08 17:20:37 [INF] Report REP-0331 is valid
2026-09-08 17:20:37 [INF] Report REP-0332 is valid
2026-09-08 17:20:37 [INF] Report REP-0333 is valid
2026-09-08 17:20:37 [INF] Report REP-0334 is valid
2026-09-08 17:20:37 [INF] Report REP-0335 is valid
2026-09-08 17:20:37 [INF] Report REP-0336 is valid
2026-09-08 17:20:37 [INF] Report REP-0337 is valid
2026-09-08 17:20:37 [INF] Report REP-0338 is valid
2026-09-08 17:20:37 [INF] Report REP-0339 is valid
2026-09-08 17:20:37 [INF] Report REP-0340 is valid
2026-09-08 17:20:37 [INF] Report REP-0341 is valid
2026-09-08 17:20:37 [INF] Report REP-0342 is valid
2026-09-08 17:20:37 [INF] Report REP-0343 is valid
2026-09-08 17:20:37 [INF] Report REP-0344 is valid
2026-09-08 17:20:37 [INF] Report REP-0345 is valid
2026-09-08 17:20:37 [INF] Report REP-0346 is valid
2026-09-08 17:20:37 [INF] Report REP-0347 is valid
2026-09-08 17:20:37 [INF] Report REP-0348 is valid
2026-09-08 17:20:37 [INF] Report REP-0349 is valid
2026-09-08 17:20:37 [INF] Report REP-0350 is valid
2026-09-08 17:20:37 [INF] Report REP-0351 is valid
2026-09-08 17:20:37 [INF] Report REP-0352 is valid
2026-09-08 17:20:37 [INF] Report REP-0353 is valid
2026-09-08 17:20:37 [INF] Report REP-0354 is valid
2026-09-08 17:20:37 [INF] Report REP-0355 is valid
2026-09-08 17:20:37 [INF] Report REP-0356 is valid
2026-09-08 17:20:37 [INF] Report REP-0357 is valid
2026-09-08 17:20:37 [INF] Report REP-0358 is valid
2026-09-08 17:20:37 [INF] Report REP-0359 is valid
2026-09-08 17:20:37 [INF] Report REP-0360 is valid
2026-09-08 17:20:37 [INF] Report REP-0361 is valid
2026-09-08 17:20:37 [INF] Report REP-0362 is valid
2026-09-08 17:20:37 [INF] Report REP-0363 is valid
2026-09-08 17:20:37 [INF] Report REP-0364 is valid
2026-09-08 17:20:37 [INF] Report REP-0365 is valid
2026-09-08 17:20:37 [INF] Report REP-0366 is valid
2026-09-08 17:20:37 [INF] Report REP-0367 is valid
2026-09-08 17:20:37 [INF] Report REP-0368 is valid
2026-09-08 17:20:37 [INF] Report REP-0369 is valid
2026-09-08 17:20:37 [INF] Report REP-0370 is valid
2026-09-08 17:20:37 [INF] Report REP-0371 is valid
2026-09-08 17:20:37 [INF] Report REP-0372 is valid
2026-09-08 17:20:37 [INF] Report REP-0373 is valid
2026-09-08 17:20:37 [INF] Report REP-0374 is valid
2026-09-08 17:20:37 [INF] Report REP-0375 is valid
2026-09-08 17:20:37 [INF] Report REP-0376 is valid
2026-09-08 17:20:37 [INF] Report REP-0377 is valid
2026-09-08 17:20:37 [INF] Report REP-0378 is valid
2026-09-08 17:20:37 [INF] Report REP-0379 is valid
2026-09-08 17:20:37 [INF] Report REP-0380 is valid
2026-09-08 17:20:37 [INF] Report REP-0381 is valid
2026-09-08 17:20:37 [INF] Report REP-0382 is valid
2026-09-08 17:20:37 [INF] Report REP-0383 is valid
2026-09-08 17:20:37 [INF] Report REP-0384 is valid
2026-09-08 17:20:37 [INF] Report REP-0385 is valid
2026-09-08 17:20:37 [INF] Report REP-0386 is valid
2026-09-08 17:20:37 [INF] Report REP-0387 is valid
2026-09-08 17:20:37 [INF] Report REP-0388 is valid
2026-09-08 17:20:37 [INF] Report REP-0389 is valid
2026-09-08 17:20:37 [INF] Report REP-0390 is valid
2026-09-08 17:20:37 [INF] Report REP-0391 is valid
2026-09-08 17:20:37 [INF] Report REP-0392 is valid
2026-09-08 17:20:37 [INF] Report REP-0393 is valid
2026-09-08 17:20:37 [INF] Report REP-0394 is valid
2026-09-08 17:20:37 [INF] Report REP-0395 is valid
2026-09-08 17:20:37 [INF] Report REP-0396 is valid
2026-09-08 17:20:37 [INF] Report REP-0397 is valid
2026-09-08 17:20:37 [INF] Report REP-0398 is valid
2026-09-08 17:20:37 [INF] Report REP-0399 is valid
2026-09-08 17:20:37 [INF] Report REP-0400 is valid
2026-09-08 17:20:37 [WRN] Report REP-0401 rejected: message is missing
2026-09-08 17:20:37 [WRN] Report REP-0402 rejected: unit is missing
2026-09-08 17:20:37 [WRN] Report REP-0403 rejected: sourceType is missing
2026-09-08 17:20:37 [WRN] Report REP-0404 rejected: message is missing
2026-09-08 17:20:37 [WRN] Report REP-0405 rejected: theater is missing
2026-09-08 17:20:37 [WRN] Report rejected because the JSON is invalid: The JSON value could not be converted to System.Nullable`1[Consumer.Models.ReportType]. Path: $.reportType | LineNumber: 0 | BytePositionInLine: 188.
2026-09-08 17:20:37 [WRN] Report rejected because the JSON is invalid: The JSON value could not be converted to System.Nullable`1[System.DateTimeOffset]. Path: $.timestamp | LineNumber: 0 | BytePositionInLine: 36.
2026-09-08 17:20:37 [WRN] Report rejected because the JSON is invalid: The JSON value could not be converted to System.Nullable`1[System.DateTimeOffset]. Path: $.timestamp | LineNumber: 0 | BytePositionInLine: 33.
2026-09-08 17:20:37 [WRN] Report rejected because the JSON is invalid: The JSON value could not be converted to System.Nullable`1[Consumer.Models.ReportPriority]. Path: $.priority | LineNumber: 0 | BytePositionInLine: 212.
2026-09-08 17:20:37 [WRN] Report REP-0410 rejected: priority 'HIGH' is not allowed
2026-09-08 17:20:37 [WRN] Report rejected because the JSON is invalid: The JSON value could not be converted to System.Nullable`1[Consumer.Models.ReportType]. Path: $.reportType | LineNumber: 0 | BytePositionInLine: 194.
2026-09-08 17:20:37 [WRN] Report rejected because the JSON is invalid: The JSON value could not be converted to System.Nullable`1[Consumer.Models.ReportType]. Path: $.reportType | LineNumber: 0 | BytePositionInLine: 190.
2026-09-08 17:20:37 [INF] Report REP-0413 is valid
2026-09-08 17:20:37 [INF] Report REP-0414 is valid
2026-09-08 17:20:37 [WRN] Report REP-0415 rejected: subjectId and subjectType must appear together
2026-09-08 17:20:37 [WRN] Report REP-0416 rejected: subjectId and subjectType must appear together
2026-09-08 17:20:37 [WRN] Report REP-0417 rejected: subjectId and subjectType must appear together
2026-09-08 17:20:37 [WRN] Report REP-0418 rejected: subjectId and subjectType must appear together
2026-09-08 17:20:37 [INF] Report REP-0419 is valid
2026-09-08 17:20:37 [INF] Report REP-0420 is valid
2026-09-08 17:20:37 [INF] Report REP-0001 is valid
2026-09-08 17:20:37 [INF] Report REP-0002 is valid
2026-09-08 17:20:37 [INF] Report REP-0003 is valid
2026-09-08 17:20:37 [INF] Report REP-0004 is valid
2026-09-08 17:20:37 [INF] Report REP-0005 is valid
2026-09-08 17:20:37 [INF] Report REP-0006 is valid
2026-09-08 17:20:37 [INF] Report REP-0007 is valid
2026-09-08 17:20:37 [INF] Report REP-0008 is valid
2026-09-08 17:20:37 [INF] Report REP-0009 is valid
2026-09-08 17:20:37 [INF] Report REP-0010 is valid
2026-09-08 17:20:37 [INF] Report REP-0011 is valid
2026-09-08 17:20:37 [INF] Report REP-0012 is valid
2026-09-08 17:20:37 [INF] Report REP-0013 is valid
2026-09-08 17:20:37 [INF] Report REP-0014 is valid
2026-09-08 17:20:37 [INF] Report REP-0015 is valid
2026-09-08 17:20:37 [INF] Report REP-0016 is valid
2026-09-08 17:20:37 [INF] Report REP-0017 is valid
2026-09-08 17:20:37 [INF] Report REP-0018 is valid
2026-09-08 17:20:37 [INF] Report REP-0019 is valid
2026-09-08 17:20:37 [INF] Report REP-0020 is valid
2026-09-08 17:20:37 [INF] Report REP-0021 is valid
2026-09-08 17:20:37 [INF] Report REP-0022 is valid
2026-09-08 17:20:37 [INF] Report REP-0023 is valid
2026-09-08 17:20:37 [INF] Report REP-0024 is valid
2026-09-08 17:20:37 [INF] Report REP-0025 is valid
2026-09-08 17:20:37 [INF] Report REP-0026 is valid
2026-09-08 17:20:37 [INF] Report REP-0027 is valid
2026-09-08 17:20:37 [INF] Report REP-0028 is valid
2026-09-08 17:20:37 [INF] Report REP-0029 is valid
2026-09-08 17:20:37 [INF] Report REP-0030 is valid
2026-09-08 17:20:37 [INF] Report REP-0031 is valid
2026-09-08 17:20:37 [INF] Report REP-0032 is valid
2026-09-08 17:20:37 [INF] Report REP-0033 is valid
2026-09-08 17:20:37 [INF] Report REP-0034 is valid
2026-09-08 17:20:37 [INF] Report REP-0035 is valid
2026-09-08 17:20:37 [INF] Report REP-0036 is valid
2026-09-08 17:20:37 [INF] Report REP-0037 is valid
2026-09-08 17:20:37 [INF] Report REP-0038 is valid
2026-09-08 17:20:37 [INF] Report REP-0039 is valid
2026-09-08 17:20:37 [INF] Report REP-0040 is valid
2026-09-08 17:20:37 [INF] Report REP-0041 is valid
2026-09-08 17:20:37 [INF] Report REP-0042 is valid
2026-09-08 17:20:37 [INF] Report REP-0043 is valid
2026-09-08 17:20:37 [INF] Report REP-0044 is valid
2026-09-08 17:20:37 [INF] Report REP-0045 is valid
2026-09-08 17:20:37 [INF] Report REP-0046 is valid
2026-09-08 17:20:37 [INF] Report REP-0047 is valid
2026-09-08 17:20:37 [INF] Report REP-0048 is valid
2026-09-08 17:20:37 [INF] Report REP-0049 is valid
2026-09-08 17:20:37 [INF] Report REP-0050 is valid
2026-09-08 17:20:37 [INF] Report REP-0051 is valid
2026-09-08 17:20:37 [INF] Report REP-0052 is valid
2026-09-08 17:20:37 [INF] Report REP-0053 is valid
2026-09-08 17:20:37 [INF] Report REP-0054 is valid
2026-09-08 17:20:37 [INF] Report REP-0055 is valid
2026-09-08 17:20:37 [INF] Report REP-0056 is valid
2026-09-08 17:20:37 [INF] Report REP-0057 is valid
2026-09-08 17:20:37 [INF] Report REP-0058 is valid
2026-09-08 17:20:37 [INF] Report REP-0059 is valid
2026-09-08 17:20:37 [INF] Report REP-0060 is valid
2026-09-08 17:20:37 [INF] Report REP-0061 is valid
2026-09-08 17:20:37 [INF] Report REP-0062 is valid
2026-09-08 17:20:37 [INF] Report REP-0063 is valid
2026-09-08 17:20:37 [INF] Report REP-0064 is valid
2026-09-08 17:20:37 [INF] Report REP-0065 is valid
2026-09-08 17:20:37 [INF] Report REP-0066 is valid
2026-09-08 17:20:37 [INF] Report REP-0067 is valid
2026-09-08 17:20:37 [INF] Report REP-0068 is valid
2026-09-08 17:20:37 [INF] Report REP-0069 is valid
2026-09-08 17:20:37 [INF] Report REP-0070 is valid
2026-09-08 17:20:37 [INF] Report REP-0071 is valid
2026-09-08 17:20:37 [INF] Report REP-0072 is valid
2026-09-08 17:20:37 [INF] Report REP-0073 is valid
2026-09-08 17:20:37 [INF] Report REP-0074 is valid
2026-09-08 17:20:37 [INF] Report REP-0075 is valid
2026-09-08 17:20:37 [INF] Report REP-0076 is valid
2026-09-08 17:20:37 [INF] Report REP-0077 is valid
2026-09-08 17:20:37 [INF] Report REP-0078 is valid
2026-09-08 17:20:37 [INF] Report REP-0079 is valid
2026-09-08 17:20:37 [INF] Report REP-0080 is valid
2026-09-08 17:20:37 [INF] Report REP-0081 is valid
2026-09-08 17:20:37 [INF] Report REP-0082 is valid
2026-09-08 17:20:37 [INF] Report REP-0083 is valid
2026-09-08 17:20:37 [INF] Report REP-0084 is valid
2026-09-08 17:20:37 [INF] Report REP-0085 is valid
2026-09-08 17:20:37 [INF] Report REP-0086 is valid
2026-09-08 17:20:37 [INF] Report REP-0087 is valid
2026-09-08 17:20:37 [INF] Report REP-0088 is valid
2026-09-08 17:20:37 [INF] Report REP-0089 is valid
2026-09-08 17:20:37 [INF] Report REP-0090 is valid
2026-09-08 17:20:37 [INF] Report REP-0091 is valid
2026-09-08 17:20:37 [INF] Report REP-0092 is valid
2026-09-08 17:20:37 [INF] Report REP-0093 is valid
2026-09-08 17:20:37 [INF] Report REP-0094 is valid
2026-09-08 17:20:37 [INF] Report REP-0095 is valid
2026-09-08 17:20:37 [INF] Report REP-0096 is valid
2026-09-08 17:20:37 [INF] Report REP-0097 is valid
2026-09-08 17:20:37 [INF] Report REP-0098 is valid
2026-09-08 17:20:37 [INF] Report REP-0099 is valid
2026-09-08 17:20:37 [INF] Report REP-0100 is valid
2026-09-08 17:20:37 [INF] Report REP-0101 is valid
2026-09-08 17:20:37 [INF] Report REP-0102 is valid
2026-09-08 17:20:37 [INF] Report REP-0103 is valid
2026-09-08 17:20:37 [INF] Report REP-0104 is valid
2026-09-08 17:20:37 [INF] Report REP-0105 is valid
2026-09-08 17:20:37 [INF] Report REP-0106 is valid
2026-09-08 17:20:37 [INF] Report REP-0107 is valid
2026-09-08 17:20:37 [INF] Report REP-0108 is valid
2026-09-08 17:20:37 [INF] Report REP-0109 is valid
2026-09-08 17:20:37 [INF] Report REP-0110 is valid
2026-09-08 17:20:37 [INF] Report REP-0111 is valid
2026-09-08 17:20:37 [INF] Report REP-0112 is valid
2026-09-08 17:20:37 [INF] Report REP-0113 is valid
2026-09-08 17:20:37 [INF] Report REP-0114 is valid
2026-09-08 17:20:37 [INF] Report REP-0115 is valid
2026-09-08 17:20:37 [INF] Report REP-0116 is valid
2026-09-08 17:20:37 [INF] Report REP-0117 is valid
2026-09-08 17:20:37 [INF] Report REP-0118 is valid
2026-09-08 17:20:37 [INF] Report REP-0119 is valid
2026-09-08 17:20:37 [INF] Report REP-0120 is valid
2026-09-08 17:20:37 [INF] Report REP-0121 is valid
2026-09-08 17:20:37 [INF] Report REP-0122 is valid
2026-09-08 17:20:37 [INF] Report REP-0123 is valid
2026-09-08 17:20:37 [INF] Report REP-0124 is valid
2026-09-08 17:20:37 [INF] Report REP-0125 is valid
2026-09-08 17:20:37 [INF] Report REP-0126 is valid
2026-09-08 17:20:37 [INF] Report REP-0127 is valid
2026-09-08 17:20:37 [INF] Report REP-0128 is valid
2026-09-08 17:20:37 [INF] Report REP-0129 is valid
2026-09-08 17:20:37 [INF] Report REP-0130 is valid
2026-09-08 17:20:37 [INF] Report REP-0131 is valid
2026-09-08 17:20:37 [INF] Report REP-0132 is valid
2026-09-08 17:20:37 [INF] Report REP-0133 is valid
2026-09-08 17:20:37 [INF] Report REP-0134 is valid
2026-09-08 17:20:37 [INF] Report REP-0135 is valid
2026-09-08 17:20:37 [INF] Report REP-0136 is valid
2026-09-08 17:20:37 [INF] Report REP-0137 is valid
2026-09-08 17:20:37 [INF] Report REP-0138 is valid
2026-09-08 17:20:37 [INF] Report REP-0139 is valid
2026-09-08 17:20:37 [INF] Report REP-0140 is valid
2026-09-08 17:20:37 [INF] Report REP-0141 is valid
2026-09-08 17:20:37 [INF] Report REP-0142 is valid
2026-09-08 17:20:37 [INF] Report REP-0143 is valid
2026-09-08 17:20:37 [INF] Report REP-0144 is valid
2026-09-08 17:20:37 [INF] Report REP-0145 is valid
2026-09-08 17:20:37 [INF] Report REP-0146 is valid
2026-09-08 17:20:37 [INF] Report REP-0147 is valid
2026-09-08 17:20:37 [INF] Report REP-0148 is valid
2026-09-08 17:20:37 [INF] Report REP-0149 is valid
2026-09-08 17:20:37 [INF] Report REP-0150 is valid
2026-09-08 17:20:37 [INF] Report REP-0151 is valid
2026-09-08 17:20:37 [INF] Report REP-0152 is valid
2026-09-08 17:20:37 [INF] Report REP-0153 is valid
2026-09-08 17:20:37 [INF] Report REP-0154 is valid
2026-09-08 17:20:37 [INF] Report REP-0155 is valid
2026-09-08 17:20:37 [INF] Report REP-0156 is valid
2026-09-08 17:20:37 [INF] Report REP-0157 is valid
2026-09-08 17:20:37 [INF] Report REP-0158 is valid
2026-09-08 17:20:37 [INF] Report REP-0159 is valid
2026-09-08 17:20:37 [INF] Report REP-0160 is valid
2026-09-08 17:20:37 [INF] Report REP-0161 is valid
2026-09-08 17:20:37 [INF] Report REP-0162 is valid
2026-09-08 17:20:37 [INF] Report REP-0163 is valid
2026-09-08 17:20:37 [INF] Report REP-0164 is valid
2026-09-08 17:20:37 [INF] Report REP-0165 is valid
2026-09-08 17:20:37 [INF] Report REP-0166 is valid
2026-09-08 17:20:37 [INF] Report REP-0167 is valid
2026-09-08 17:20:37 [INF] Report REP-0168 is valid
2026-09-08 17:20:37 [INF] Report REP-0169 is valid
2026-09-08 17:20:37 [INF] Report REP-0170 is valid
2026-09-08 17:20:37 [INF] Report REP-0171 is valid
2026-09-08 17:20:37 [INF] Report REP-0172 is valid
2026-09-08 17:20:37 [INF] Report REP-0173 is valid
2026-09-08 17:20:37 [INF] Report REP-0174 is valid
2026-09-08 17:20:37 [INF] Report REP-0175 is valid
2026-09-08 17:20:37 [INF] Report REP-0176 is valid
2026-09-08 17:20:37 [INF] Report REP-0177 is valid
2026-09-08 17:20:37 [INF] Report REP-0178 is valid
2026-09-08 17:20:37 [INF] Report REP-0179 is valid
2026-09-08 17:20:37 [INF] Report REP-0180 is valid
2026-09-08 17:20:37 [INF] Report REP-0181 is valid
2026-09-08 17:20:37 [INF] Report REP-0182 is valid
2026-09-08 17:20:37 [INF] Report REP-0183 is valid
2026-09-08 17:20:37 [INF] Report REP-0184 is valid
2026-09-08 17:20:37 [INF] Report REP-0185 is valid
2026-09-08 17:20:37 [INF] Report REP-0186 is valid
2026-09-08 17:20:37 [INF] Report REP-0187 is valid
2026-09-08 17:20:37 [INF] Report REP-0188 is valid
2026-09-08 17:20:37 [INF] Report REP-0189 is valid
2026-09-08 17:20:37 [INF] Report REP-0190 is valid
2026-09-08 17:20:37 [INF] Report REP-0191 is valid
2026-09-08 17:20:37 [INF] Report REP-0192 is valid
2026-09-08 17:20:37 [INF] Report REP-0193 is valid
2026-09-08 17:20:37 [INF] Report REP-0194 is valid
2026-09-08 17:20:37 [INF] Report REP-0195 is valid
2026-09-08 17:20:37 [INF] Report REP-0196 is valid
2026-09-08 17:20:37 [INF] Report REP-0197 is valid
2026-09-08 17:20:37 [INF] Report REP-0198 is valid
2026-09-08 17:20:37 [INF] Report REP-0199 is valid
2026-09-08 17:20:37 [INF] Report REP-0200 is valid
2026-09-08 17:20:37 [INF] Report REP-0201 is valid
2026-09-08 17:20:37 [INF] Report REP-0202 is valid
2026-09-08 17:20:37 [INF] Report REP-0203 is valid
2026-09-08 17:20:37 [INF] Report REP-0204 is valid
2026-09-08 17:20:37 [INF] Report REP-0205 is valid
2026-09-08 17:20:37 [INF] Report REP-0206 is valid
2026-09-08 17:20:37 [INF] Report REP-0207 is valid
2026-09-08 17:20:37 [INF] Report REP-0208 is valid
2026-09-08 17:20:37 [INF] Report REP-0209 is valid
2026-09-08 17:20:37 [INF] Report REP-0210 is valid
2026-09-08 17:20:37 [INF] Report REP-0211 is valid
2026-09-08 17:20:37 [INF] Report REP-0212 is valid
2026-09-08 17:20:37 [INF] Report REP-0213 is valid
2026-09-08 17:20:37 [INF] Report REP-0214 is valid
2026-09-08 17:20:37 [INF] Report REP-0215 is valid
2026-09-08 17:20:37 [INF] Report REP-0216 is valid
2026-09-08 17:20:37 [INF] Report REP-0217 is valid
2026-09-08 17:20:37 [INF] Report REP-0218 is valid
2026-09-08 17:20:37 [INF] Report REP-0219 is valid
2026-09-08 17:20:37 [INF] Report REP-0220 is valid
2026-09-08 17:20:37 [INF] Report REP-0221 is valid
2026-09-08 17:20:37 [INF] Report REP-0222 is valid
2026-09-08 17:20:37 [INF] Report REP-0223 is valid
2026-09-08 17:20:37 [INF] Report REP-0224 is valid
2026-09-08 17:20:37 [INF] Report REP-0225 is valid
2026-09-08 17:20:37 [INF] Report REP-0226 is valid
2026-09-08 17:20:37 [INF] Report REP-0227 is valid
2026-09-08 17:20:37 [INF] Report REP-0228 is valid
2026-09-08 17:20:37 [INF] Report REP-0229 is valid
2026-09-08 17:20:37 [INF] Report REP-0230 is valid
2026-09-08 17:20:37 [INF] Report REP-0231 is valid
2026-09-08 17:20:37 [INF] Report REP-0232 is valid
2026-09-08 17:20:37 [INF] Report REP-0233 is valid
2026-09-08 17:20:37 [INF] Report REP-0234 is valid
2026-09-08 17:20:37 [INF] Report REP-0235 is valid
2026-09-08 17:20:37 [INF] Report REP-0236 is valid
2026-09-08 17:20:37 [INF] Report REP-0237 is valid
2026-09-08 17:20:37 [INF] Report REP-0238 is valid
2026-09-08 17:20:37 [INF] Report REP-0239 is valid
2026-09-08 17:20:37 [INF] Report REP-0240 is valid
2026-09-08 17:20:37 [INF] Report REP-0241 is valid
2026-09-08 17:20:37 [INF] Report REP-0242 is valid
2026-09-08 17:20:37 [INF] Report REP-0243 is valid
2026-09-08 17:20:37 [INF] Report REP-0244 is valid
2026-09-08 17:20:37 [INF] Report REP-0245 is valid
2026-09-08 17:20:37 [INF] Report REP-0246 is valid
2026-09-08 17:20:37 [INF] Report REP-0247 is valid
2026-09-08 17:20:37 [INF] Report REP-0248 is valid
2026-09-08 17:20:37 [INF] Report REP-0249 is valid
2026-09-08 17:20:37 [INF] Report REP-0250 is valid
2026-09-08 17:20:37 [INF] Report REP-0251 is valid
2026-09-08 17:20:37 [INF] Report REP-0252 is valid
2026-09-08 17:20:37 [INF] Report REP-0253 is valid
2026-09-08 17:20:37 [INF] Report REP-0254 is valid
2026-09-08 17:20:37 [INF] Report REP-0255 is valid
2026-09-08 17:20:37 [INF] Report REP-0256 is valid
2026-09-08 17:20:37 [INF] Report REP-0257 is valid
2026-09-08 17:20:37 [INF] Report REP-0258 is valid
2026-09-08 17:20:37 [INF] Report REP-0259 is valid
2026-09-08 17:20:37 [INF] Report REP-0260 is valid
2026-09-08 17:20:37 [INF] Report REP-0261 is valid
2026-09-08 17:20:37 [INF] Report REP-0262 is valid
2026-09-08 17:20:37 [INF] Report REP-0263 is valid
2026-09-08 17:20:37 [INF] Report REP-0264 is valid
2026-09-08 17:20:37 [INF] Report REP-0265 is valid
2026-09-08 17:20:37 [INF] Report REP-0266 is valid
2026-09-08 17:20:37 [INF] Report REP-0267 is valid
2026-09-08 17:20:37 [INF] Report REP-0268 is valid
2026-09-08 17:20:37 [INF] Report REP-0269 is valid
2026-09-08 17:20:37 [INF] Report REP-0270 is valid
2026-09-08 17:20:37 [INF] Report REP-0271 is valid
2026-09-08 17:20:37 [INF] Report REP-0272 is valid
2026-09-08 17:20:37 [INF] Report REP-0273 is valid
2026-09-08 17:20:37 [INF] Report REP-0274 is valid
2026-09-08 17:20:37 [INF] Report REP-0275 is valid
2026-09-08 17:20:37 [INF] Report REP-0276 is valid
2026-09-08 17:20:37 [INF] Report REP-0277 is valid
2026-09-08 17:20:37 [INF] Report REP-0278 is valid
2026-09-08 17:20:37 [INF] Report REP-0279 is valid
2026-09-08 17:20:37 [INF] Report REP-0280 is valid
2026-09-08 17:20:37 [INF] Report REP-0281 is valid
2026-09-08 17:20:37 [INF] Report REP-0282 is valid
2026-09-08 17:20:37 [INF] Report REP-0283 is valid
2026-09-08 17:20:37 [INF] Report REP-0284 is valid
2026-09-08 17:20:37 [INF] Report REP-0285 is valid
2026-09-08 17:20:37 [INF] Report REP-0286 is valid
2026-09-08 17:20:37 [INF] Report REP-0287 is valid
2026-09-08 17:20:37 [INF] Report REP-0288 is valid
2026-09-08 17:20:37 [INF] Report REP-0289 is valid
2026-09-08 17:20:37 [INF] Report REP-0290 is valid
2026-09-08 17:20:37 [INF] Report REP-0291 is valid
2026-09-08 17:20:37 [INF] Report REP-0292 is valid
2026-09-08 17:20:37 [INF] Report REP-0293 is valid
2026-09-08 17:20:37 [INF] Report REP-0294 is valid
2026-09-08 17:20:37 [INF] Report REP-0295 is valid
2026-09-08 17:20:37 [INF] Report REP-0296 is valid
2026-09-08 17:20:37 [INF] Report REP-0297 is valid
2026-09-08 17:20:37 [INF] Report REP-0298 is valid
2026-09-08 17:20:37 [INF] Report REP-0299 is valid
2026-09-08 17:20:37 [INF] Report REP-0300 is valid
2026-09-08 17:20:37 [INF] Report REP-0301 is valid
2026-09-08 17:20:37 [INF] Report REP-0302 is valid
2026-09-08 17:20:37 [INF] Report REP-0303 is valid
2026-09-08 17:20:37 [INF] Report REP-0304 is valid
2026-09-08 17:20:37 [INF] Report REP-0305 is valid
2026-09-08 17:20:37 [INF] Report REP-0306 is valid
2026-09-08 17:20:37 [INF] Report REP-0307 is valid
2026-09-08 17:20:37 [INF] Report REP-0308 is valid
2026-09-08 17:20:37 [INF] Report REP-0309 is valid
2026-09-08 17:20:37 [INF] Report REP-0310 is valid
2026-09-08 17:20:37 [INF] Report REP-0311 is valid
2026-09-08 17:20:37 [INF] Report REP-0312 is valid
2026-09-08 17:20:37 [INF] Report REP-0313 is valid
2026-09-08 17:20:37 [INF] Report REP-0314 is valid
2026-09-08 17:20:37 [INF] Report REP-0315 is valid
2026-09-08 17:20:37 [INF] Report REP-0316 is valid
2026-09-08 17:20:37 [INF] Report REP-0317 is valid
2026-09-08 17:20:37 [INF] Report REP-0318 is valid
2026-09-08 17:20:37 [INF] Report REP-0319 is valid
2026-09-08 17:20:37 [INF] Report REP-0320 is valid
2026-09-08 17:20:37 [INF] Report REP-0321 is valid
2026-09-08 17:20:37 [INF] Report REP-0322 is valid
2026-09-08 17:20:37 [INF] Report REP-0323 is valid
2026-09-08 17:20:37 [INF] Report REP-0324 is valid
2026-09-08 17:20:37 [INF] Report REP-0325 is valid
2026-09-08 17:20:37 [INF] Report REP-0326 is valid
2026-09-08 17:20:37 [INF] Report REP-0327 is valid
2026-09-08 17:20:37 [INF] Report REP-0328 is valid
2026-09-08 17:20:37 [INF] Report REP-0329 is valid
2026-09-08 17:20:37 [INF] Report REP-0330 is valid
2026-09-08 17:20:37 [INF] Report REP-0331 is valid
2026-09-08 17:20:37 [INF] Report REP-0332 is valid
2026-09-08 17:20:37 [INF] Report REP-0333 is valid
2026-09-08 17:20:37 [INF] Report REP-0334 is valid
2026-09-08 17:20:37 [INF] Report REP-0335 is valid
2026-09-08 17:20:37 [INF] Report REP-0336 is valid
2026-09-08 17:20:37 [INF] Report REP-0337 is valid
2026-09-08 17:20:37 [INF] Report REP-0338 is valid
2026-09-08 17:20:37 [INF] Report REP-0339 is valid
2026-09-08 17:20:37 [INF] Report REP-0340 is valid
2026-09-08 17:20:37 [INF] Report REP-0341 is valid
2026-09-08 17:20:37 [INF] Report REP-0342 is valid
2026-09-08 17:20:37 [INF] Report REP-0343 is valid
2026-09-08 17:20:37 [INF] Report REP-0344 is valid
2026-09-08 17:20:37 [INF] Report REP-0345 is valid
2026-09-08 17:20:37 [INF] Report REP-0346 is valid
2026-09-08 17:20:37 [INF] Report REP-0347 is valid
2026-09-08 17:20:37 [INF] Report REP-0348 is valid
2026-09-08 17:20:37 [INF] Report REP-0349 is valid
2026-09-08 17:20:37 [INF] Report REP-0350 is valid
2026-09-08 17:20:37 [INF] Report REP-0351 is valid
2026-09-08 17:20:37 [INF] Report REP-0352 is valid
2026-09-08 17:20:37 [INF] Report REP-0353 is valid
2026-09-08 17:20:37 [INF] Report REP-0354 is valid
2026-09-08 17:20:37 [INF] Report REP-0355 is valid
2026-09-08 17:20:37 [INF] Report REP-0356 is valid
2026-09-08 17:20:37 [INF] Report REP-0357 is valid
2026-09-08 17:20:37 [INF] Report REP-0358 is valid
2026-09-08 17:20:37 [INF] Report REP-0359 is valid
2026-09-08 17:20:37 [INF] Report REP-0360 is valid
2026-09-08 17:20:37 [INF] Report REP-0361 is valid
2026-09-08 17:20:37 [INF] Report REP-0362 is valid
2026-09-08 17:20:37 [INF] Report REP-0363 is valid
2026-09-08 17:20:37 [INF] Report REP-0364 is valid
2026-09-08 17:20:37 [INF] Report REP-0365 is valid
2026-09-08 17:20:37 [INF] Report REP-0366 is valid
2026-09-08 17:20:37 [INF] Report REP-0367 is valid
2026-09-08 17:20:37 [INF] Report REP-0368 is valid
2026-09-08 17:20:37 [INF] Report REP-0369 is valid
2026-09-08 17:20:37 [INF] Report REP-0370 is valid
2026-09-08 17:20:37 [INF] Report REP-0371 is valid
2026-09-08 17:20:37 [INF] Report REP-0372 is valid
2026-09-08 17:20:37 [INF] Report REP-0373 is valid
2026-09-08 17:20:37 [INF] Report REP-0374 is valid
2026-09-08 17:20:37 [INF] Report REP-0375 is valid
2026-09-08 17:20:37 [INF] Report REP-0376 is valid
2026-09-08 17:20:37 [INF] Report REP-0377 is valid
2026-09-08 17:20:37 [INF] Report REP-0378 is valid
2026-09-08 17:20:37 [INF] Report REP-0379 is valid
2026-09-08 17:20:37 [INF] Report REP-0380 is valid
2026-09-08 17:20:37 [INF] Report REP-0381 is valid
2026-09-08 17:20:37 [INF] Report REP-0382 is valid
2026-09-08 17:20:37 [INF] Report REP-0383 is valid
2026-09-08 17:20:37 [INF] Report REP-0384 is valid
2026-09-08 17:20:37 [INF] Report REP-0385 is valid
2026-09-08 17:20:37 [INF] Report REP-0386 is valid
2026-09-08 17:20:37 [INF] Report REP-0387 is valid
2026-09-08 17:20:37 [INF] Report REP-0388 is valid
2026-09-08 17:20:37 [INF] Report REP-0389 is valid
2026-09-08 17:20:37 [INF] Report REP-0390 is valid
2026-09-08 17:20:37 [INF] Report REP-0391 is valid
2026-09-08 17:20:37 [INF] Report REP-0392 is valid
2026-09-08 17:20:37 [INF] Report REP-0393 is valid
2026-09-08 17:20:37 [INF] Report REP-0394 is valid
2026-09-08 17:20:37 [INF] Report REP-0395 is valid
2026-09-08 17:20:37 [INF] Report REP-0396 is valid
2026-09-08 17:20:37 [INF] Report REP-0397 is valid
2026-09-08 17:20:37 [INF] Report REP-0398 is valid
2026-09-08 17:20:37 [INF] Report REP-0399 is valid
2026-09-08 17:20:37 [INF] Report REP-0400 is valid
2026-09-08 17:20:37 [WRN] Report REP-0401 rejected: message is missing
2026-09-08 17:20:37 [WRN] Report REP-0402 rejected: unit is missing
2026-09-08 17:20:37 [WRN] Report REP-0403 rejected: sourceType is missing
2026-09-08 17:20:37 [WRN] Report REP-0404 rejected: message is missing
2026-09-08 17:20:37 [WRN] Report REP-0405 rejected: theater is missing
2026-09-08 17:20:37 [WRN] Report rejected because the JSON is invalid: The JSON value could not be converted to System.Nullable`1[Consumer.Models.ReportType]. Path: $.reportType | LineNumber: 0 | BytePositionInLine: 188.
2026-09-08 17:20:37 [WRN] Report rejected because the JSON is invalid: The JSON value could not be converted to System.Nullable`1[System.DateTimeOffset]. Path: $.timestamp | LineNumber: 0 | BytePositionInLine: 36.
2026-09-08 17:20:37 [WRN] Report rejected because the JSON is invalid: The JSON value could not be converted to System.Nullable`1[System.DateTimeOffset]. Path: $.timestamp | LineNumber: 0 | BytePositionInLine: 33.
2026-09-08 17:20:37 [WRN] Report rejected because the JSON is invalid: The JSON value could not be converted to System.Nullable`1[Consumer.Models.ReportPriority]. Path: $.priority | LineNumber: 0 | BytePositionInLine: 212.
2026-09-08 17:20:37 [WRN] Report REP-0410 rejected: priority 'HIGH' is not allowed
2026-09-08 17:20:37 [WRN] Report rejected because the JSON is invalid: The JSON value could not be converted to System.Nullable`1[Consumer.Models.ReportType]. Path: $.reportType | LineNumber: 0 | BytePositionInLine: 194.
2026-09-08 17:20:37 [WRN] Report rejected because the JSON is invalid: The JSON value could not be converted to System.Nullable`1[Consumer.Models.ReportType]. Path: $.reportType | LineNumber: 0 | BytePositionInLine: 190.
2026-09-08 17:20:37 [INF] Report REP-0413 is valid
2026-09-08 17:20:37 [INF] Report REP-0414 is valid
2026-09-08 17:20:37 [WRN] Report REP-0415 rejected: subjectId and subjectType must appear together
2026-09-08 17:20:37 [WRN] Report REP-0416 rejected: subjectId and subjectType must appear together
2026-09-08 17:20:37 [WRN] Report REP-0417 rejected: subjectId and subjectType must appear together
2026-09-08 17:20:37 [WRN] Report REP-0418 rejected: subjectId and subjectType must appear together
2026-09-08 17:20:37 [INF] Report REP-0419 is valid
2026-09-08 17:20:37 [INF] Report REP-0420 is valid
2026-09-08 17:20:37 [INF] Report REP-0001 is valid
2026-09-08 17:20:37 [INF] Report REP-0002 is valid
2026-09-08 17:20:37 [INF] Report REP-0003 is valid
2026-09-08 17:20:37 [INF] Report REP-0004 is valid
2026-09-08 17:20:37 [INF] Report REP-0005 is valid
2026-09-08 17:20:37 [INF] Report REP-0006 is valid
2026-09-08 17:20:37 [INF] Report REP-0007 is valid
2026-09-08 17:20:37 [INF] Report REP-0008 is valid
2026-09-08 17:20:37 [INF] Report REP-0009 is valid
2026-09-08 17:20:37 [INF] Report REP-0010 is valid
2026-09-08 17:20:37 [INF] Report REP-0011 is valid
2026-09-08 17:20:37 [INF] Report REP-0012 is valid
2026-09-08 17:20:37 [INF] Report REP-0013 is valid
2026-09-08 17:20:37 [INF] Report REP-0014 is valid
2026-09-08 17:20:37 [INF] Report REP-0015 is valid
2026-09-08 17:20:37 [INF] Report REP-0016 is valid
2026-09-08 17:20:37 [INF] Report REP-0017 is valid
2026-09-08 17:20:37 [INF] Report REP-0018 is valid
2026-09-08 17:20:37 [INF] Report REP-0019 is valid
2026-09-08 17:20:37 [INF] Report REP-0020 is valid
2026-09-08 17:20:37 [INF] Report REP-0021 is valid
2026-09-08 17:20:37 [INF] Report REP-0022 is valid
2026-09-08 17:20:37 [INF] Report REP-0023 is valid
2026-09-08 17:20:37 [INF] Report REP-0024 is valid
2026-09-08 17:20:37 [INF] Report REP-0025 is valid
2026-09-08 17:20:37 [INF] Report REP-0026 is valid
2026-09-08 17:20:37 [INF] Report REP-0027 is valid
2026-09-08 17:20:37 [INF] Report REP-0028 is valid
2026-09-08 17:20:37 [INF] Report REP-0029 is valid
2026-09-08 17:20:37 [INF] Report REP-0030 is valid
2026-09-08 17:20:37 [INF] Report REP-0031 is valid
2026-09-08 17:20:37 [INF] Report REP-0032 is valid
2026-09-08 17:20:37 [INF] Report REP-0033 is valid
2026-09-08 17:20:37 [INF] Report REP-0034 is valid
2026-09-08 17:20:37 [INF] Report REP-0035 is valid
2026-09-08 17:20:37 [INF] Report REP-0036 is valid
2026-09-08 17:20:37 [INF] Report REP-0037 is valid
2026-09-08 17:20:37 [INF] Report REP-0038 is valid
2026-09-08 17:20:37 [INF] Report REP-0039 is valid
2026-09-08 17:20:37 [INF] Report REP-0040 is valid
2026-09-08 17:20:37 [INF] Report REP-0041 is valid
2026-09-08 17:20:37 [INF] Report REP-0042 is valid
2026-09-08 17:20:37 [INF] Report REP-0043 is valid
2026-09-08 17:20:37 [INF] Report REP-0044 is valid
2026-09-08 17:20:37 [INF] Report REP-0045 is valid
2026-09-08 17:20:37 [INF] Report REP-0046 is valid
2026-09-08 17:20:37 [INF] Report REP-0047 is valid
2026-09-08 17:20:37 [INF] Report REP-0048 is valid
2026-09-08 17:20:37 [INF] Report REP-0049 is valid
2026-09-08 17:20:37 [INF] Report REP-0050 is valid
2026-09-08 17:20:37 [INF] Report REP-0051 is valid
2026-09-08 17:20:37 [INF] Report REP-0052 is valid
2026-09-08 17:20:37 [INF] Report REP-0053 is valid
2026-09-08 17:20:37 [INF] Report REP-0054 is valid
2026-09-08 17:20:37 [INF] Report REP-0055 is valid
2026-09-08 17:20:37 [INF] Report REP-0056 is valid
2026-09-08 17:20:37 [INF] Report REP-0057 is valid
2026-09-08 17:20:37 [INF] Report REP-0058 is valid
2026-09-08 17:20:37 [INF] Report REP-0059 is valid
2026-09-08 17:20:37 [INF] Report REP-0060 is valid
2026-09-08 17:20:37 [INF] Report REP-0061 is valid
2026-09-08 17:20:37 [INF] Report REP-0062 is valid
2026-09-08 17:20:37 [INF] Report REP-0063 is valid
2026-09-08 17:20:37 [INF] Report REP-0064 is valid
2026-09-08 17:20:37 [INF] Report REP-0065 is valid
2026-09-08 17:20:37 [INF] Report REP-0066 is valid
2026-09-08 17:20:37 [INF] Report REP-0067 is valid
2026-09-08 17:20:37 [INF] Report REP-0068 is valid
2026-09-08 17:20:37 [INF] Report REP-0069 is valid
2026-09-08 17:20:37 [INF] Report REP-0070 is valid
2026-09-08 17:20:37 [INF] Report REP-0071 is valid
2026-09-08 17:20:37 [INF] Report REP-0072 is valid
2026-09-08 17:20:37 [INF] Report REP-0073 is valid
2026-09-08 17:20:37 [INF] Report REP-0074 is valid
2026-09-08 17:20:37 [INF] Report REP-0075 is valid
2026-09-08 17:20:37 [INF] Report REP-0076 is valid
2026-09-08 17:20:37 [INF] Report REP-0077 is valid
2026-09-08 17:20:37 [INF] Report REP-0078 is valid
2026-09-08 17:20:37 [INF] Report REP-0079 is valid
2026-09-08 17:20:37 [INF] Report REP-0080 is valid
2026-09-08 17:20:37 [INF] Report REP-0081 is valid
2026-09-08 17:20:37 [INF] Report REP-0082 is valid
2026-09-08 17:20:37 [INF] Report REP-0083 is valid
2026-09-08 17:20:37 [INF] Report REP-0084 is valid
2026-09-08 17:20:37 [INF] Report REP-0085 is valid
2026-09-08 17:20:37 [INF] Report REP-0086 is valid
2026-09-08 17:20:37 [INF] Report REP-0087 is valid
2026-09-08 17:20:37 [INF] Report REP-0088 is valid
2026-09-08 17:20:37 [INF] Report REP-0089 is valid
2026-09-08 17:20:37 [INF] Report REP-0090 is valid
2026-09-08 17:20:37 [INF] Report REP-0091 is valid
2026-09-08 17:20:37 [INF] Report REP-0092 is valid
2026-09-08 17:20:37 [INF] Report REP-0093 is valid
2026-09-08 17:20:37 [INF] Report REP-0094 is valid
2026-09-08 17:20:37 [INF] Report REP-0095 is valid
2026-09-08 17:20:37 [INF] Report REP-0096 is valid
2026-09-08 17:20:37 [INF] Report REP-0097 is valid
2026-09-08 17:20:37 [INF] Report REP-0098 is valid
2026-09-08 17:20:37 [INF] Report REP-0099 is valid
2026-09-08 17:20:37 [INF] Report REP-0100 is valid
2026-09-08 17:20:37 [INF] Report REP-0101 is valid
2026-09-08 17:20:37 [INF] Report REP-0102 is valid
2026-09-08 17:20:37 [INF] Report REP-0103 is valid
2026-09-08 17:20:37 [INF] Report REP-0104 is valid
2026-09-08 17:20:37 [INF] Report REP-0105 is valid
2026-09-08 17:20:37 [INF] Report REP-0106 is valid
2026-09-08 17:20:37 [INF] Report REP-0107 is valid
2026-09-08 17:20:37 [INF] Report REP-0108 is valid
2026-09-08 17:20:37 [INF] Report REP-0109 is valid
2026-09-08 17:20:37 [INF] Report REP-0110 is valid
2026-09-08 17:20:37 [INF] Report REP-0111 is valid
2026-09-08 17:20:37 [INF] Report REP-0112 is valid
2026-09-08 17:20:37 [INF] Report REP-0113 is valid
2026-09-08 17:20:37 [INF] Report REP-0114 is valid
2026-09-08 17:20:37 [INF] Report REP-0115 is valid
2026-09-08 17:20:37 [INF] Report REP-0116 is valid
2026-09-08 17:20:37 [INF] Report REP-0117 is valid
2026-09-08 17:20:37 [INF] Report REP-0118 is valid
2026-09-08 17:20:37 [INF] Report REP-0119 is valid
2026-09-08 17:20:37 [INF] Report REP-0120 is valid
2026-09-08 17:20:37 [INF] Report REP-0121 is valid
2026-09-08 17:20:37 [INF] Report REP-0122 is valid
2026-09-08 17:20:37 [INF] Report REP-0123 is valid
2026-09-08 17:20:37 [INF] Report REP-0124 is valid
2026-09-08 17:20:37 [INF] Report REP-0125 is valid
2026-09-08 17:20:37 [INF] Report REP-0126 is valid
2026-09-08 17:20:37 [INF] Report REP-0127 is valid
2026-09-08 17:20:37 [INF] Report REP-0128 is valid
2026-09-08 17:20:37 [INF] Report REP-0129 is valid
2026-09-08 17:20:37 [INF] Report REP-0130 is valid
2026-09-08 17:20:37 [INF] Report REP-0131 is valid
2026-09-08 17:20:37 [INF] Report REP-0132 is valid
2026-09-08 17:20:37 [INF] Report REP-0133 is valid
2026-09-08 17:20:37 [INF] Report REP-0134 is valid
2026-09-08 17:20:37 [INF] Report REP-0135 is valid
2026-09-08 17:20:37 [INF] Report REP-0136 is valid
2026-09-08 17:20:37 [INF] Report REP-0137 is valid
2026-09-08 17:20:37 [INF] Report REP-0138 is valid
2026-09-08 17:20:37 [INF] Report REP-0139 is valid
2026-09-08 17:20:37 [INF] Report REP-0140 is valid
2026-09-08 17:20:37 [INF] Report REP-0141 is valid
2026-09-08 17:20:37 [INF] Report REP-0142 is valid
2026-09-08 17:20:37 [INF] Report REP-0143 is valid
2026-09-08 17:20:37 [INF] Report REP-0144 is valid
2026-09-08 17:20:37 [INF] Report REP-0145 is valid
2026-09-08 17:20:37 [INF] Report REP-0146 is valid
2026-09-08 17:20:37 [INF] Report REP-0147 is valid
2026-09-08 17:20:37 [INF] Report REP-0148 is valid
2026-09-08 17:20:37 [INF] Report REP-0149 is valid
2026-09-08 17:20:37 [INF] Report REP-0150 is valid
2026-09-08 17:20:37 [INF] Report REP-0151 is valid
2026-09-08 17:20:37 [INF] Report REP-0152 is valid
2026-09-08 17:20:37 [INF] Report REP-0153 is valid
2026-09-08 17:20:37 [INF] Report REP-0154 is valid
2026-09-08 17:20:37 [INF] Report REP-0155 is valid
2026-09-08 17:20:37 [INF] Report REP-0156 is valid
2026-09-08 17:20:37 [INF] Report REP-0157 is valid
2026-09-08 17:20:37 [INF] Report REP-0158 is valid
2026-09-08 17:20:37 [INF] Report REP-0159 is valid
2026-09-08 17:20:37 [INF] Report REP-0160 is valid
2026-09-08 17:20:37 [INF] Report REP-0161 is valid
2026-09-08 17:20:37 [INF] Report REP-0162 is valid
2026-09-08 17:20:37 [INF] Report REP-0163 is valid
2026-09-08 17:20:37 [INF] Report REP-0164 is valid
2026-09-08 17:20:37 [INF] Report REP-0165 is valid
2026-09-08 17:20:37 [INF] Report REP-0166 is valid
2026-09-08 17:20:37 [INF] Report REP-0167 is valid
2026-09-08 17:20:37 [INF] Report REP-0168 is valid
2026-09-08 17:20:37 [INF] Report REP-0169 is valid
2026-09-08 17:20:37 [INF] Report REP-0170 is valid
2026-09-08 17:20:37 [INF] Report REP-0171 is valid
2026-09-08 17:20:37 [INF] Report REP-0172 is valid
2026-09-08 17:20:37 [INF] Report REP-0173 is valid
2026-09-08 17:20:37 [INF] Report REP-0174 is valid
2026-09-08 17:20:37 [INF] Report REP-0175 is valid
2026-09-08 17:20:37 [INF] Report REP-0176 is valid
2026-09-08 17:20:37 [INF] Report REP-0177 is valid
2026-09-08 17:20:37 [INF] Report REP-0178 is valid
2026-09-08 17:20:37 [INF] Report REP-0179 is valid
2026-09-08 17:20:37 [INF] Report REP-0180 is valid
2026-09-08 17:20:37 [INF] Report REP-0181 is valid
2026-09-08 17:20:37 [INF] Report REP-0182 is valid
2026-09-08 17:20:37 [INF] Report REP-0183 is valid
2026-09-08 17:20:37 [INF] Report REP-0184 is valid
2026-09-08 17:20:37 [INF] Report REP-0185 is valid
2026-09-08 17:20:37 [INF] Report REP-0186 is valid
2026-09-08 17:20:37 [INF] Report REP-0187 is valid
2026-09-08 17:20:37 [INF] Report REP-0188 is valid
2026-09-08 17:20:37 [INF] Report REP-0189 is valid
2026-09-08 17:20:37 [INF] Report REP-0190 is valid
2026-09-08 17:20:37 [INF] Report REP-0191 is valid
2026-09-08 17:20:37 [INF] Report REP-0192 is valid
2026-09-08 17:20:37 [INF] Report REP-0193 is valid
2026-09-08 17:20:37 [INF] Report REP-0194 is valid
2026-09-08 17:20:37 [INF] Report REP-0195 is valid
2026-09-08 17:20:37 [INF] Report REP-0196 is valid
2026-09-08 17:20:37 [INF] Report REP-0197 is valid
2026-09-08 17:20:37 [INF] Report REP-0198 is valid
2026-09-08 17:20:37 [INF] Report REP-0199 is valid
2026-09-08 17:20:37 [INF] Report REP-0200 is valid
2026-09-08 17:20:37 [INF] Report REP-0201 is valid
2026-09-08 17:20:37 [INF] Report REP-0202 is valid
2026-09-08 17:20:37 [INF] Report REP-0203 is valid
2026-09-08 17:20:37 [INF] Report REP-0204 is valid
2026-09-08 17:20:37 [INF] Report REP-0205 is valid
2026-09-08 17:20:37 [INF] Report REP-0206 is valid
2026-09-08 17:20:37 [INF] Report REP-0207 is valid
2026-09-08 17:20:37 [INF] Report REP-0208 is valid
2026-09-08 17:20:37 [INF] Report REP-0209 is valid
2026-09-08 17:20:37 [INF] Report REP-0210 is valid
2026-09-08 17:20:37 [INF] Report REP-0211 is valid
2026-09-08 17:20:37 [INF] Report REP-0212 is valid
2026-09-08 17:20:37 [INF] Report REP-0213 is valid
2026-09-08 17:20:37 [INF] Report REP-0214 is valid
2026-09-08 17:20:37 [INF] Report REP-0215 is valid
2026-09-08 17:20:37 [INF] Report REP-0216 is valid
2026-09-08 17:20:37 [INF] Report REP-0217 is valid
2026-09-08 17:20:37 [INF] Report REP-0218 is valid
2026-09-08 17:20:37 [INF] Report REP-0219 is valid
2026-09-08 17:20:37 [INF] Report REP-0220 is valid
2026-09-08 17:20:37 [INF] Report REP-0221 is valid
2026-09-08 17:20:37 [INF] Report REP-0222 is valid
2026-09-08 17:20:37 [INF] Report REP-0223 is valid
2026-09-08 17:20:37 [INF] Report REP-0224 is valid
2026-09-08 17:20:37 [INF] Report REP-0225 is valid
2026-09-08 17:20:37 [INF] Report REP-0226 is valid
2026-09-08 17:20:37 [INF] Report REP-0227 is valid
2026-09-08 17:20:37 [INF] Report REP-0228 is valid
2026-09-08 17:20:37 [INF] Report REP-0229 is valid
2026-09-08 17:20:37 [INF] Report REP-0230 is valid
2026-09-08 17:20:37 [INF] Report REP-0231 is valid
2026-09-08 17:20:37 [INF] Report REP-0232 is valid
2026-09-08 17:20:37 [INF] Report REP-0233 is valid
2026-09-08 17:20:37 [INF] Report REP-0234 is valid
2026-09-08 17:20:37 [INF] Report REP-0235 is valid
2026-09-08 17:20:37 [INF] Report REP-0236 is valid
2026-09-08 17:20:37 [INF] Report REP-0237 is valid
2026-09-08 17:20:37 [INF] Report REP-0238 is valid
2026-09-08 17:20:37 [INF] Report REP-0239 is valid
2026-09-08 17:20:37 [INF] Report REP-0240 is valid
2026-09-08 17:20:37 [INF] Report REP-0241 is valid
2026-09-08 17:20:37 [INF] Report REP-0242 is valid
2026-09-08 17:20:37 [INF] Report REP-0243 is valid
2026-09-08 17:20:37 [INF] Report REP-0244 is valid
2026-09-08 17:20:37 [INF] Report REP-0245 is valid
2026-09-08 17:20:37 [INF] Report REP-0246 is valid
2026-09-08 17:20:37 [INF] Report REP-0247 is valid
2026-09-08 17:20:37 [INF] Report REP-0248 is valid
2026-09-08 17:20:37 [INF] Report REP-0249 is valid
2026-09-08 17:20:37 [INF] Report REP-0250 is valid
2026-09-08 17:20:37 [INF] Report REP-0251 is valid
2026-09-08 17:20:37 [INF] Report REP-0252 is valid
2026-09-08 17:20:37 [INF] Report REP-0253 is valid
2026-09-08 17:20:37 [INF] Report REP-0254 is valid
2026-09-08 17:20:37 [INF] Report REP-0255 is valid
2026-09-08 17:20:37 [INF] Report REP-0256 is valid
2026-09-08 17:20:37 [INF] Report REP-0257 is valid
2026-09-08 17:20:37 [INF] Report REP-0258 is valid
2026-09-08 17:20:37 [INF] Report REP-0259 is valid
2026-09-08 17:20:37 [INF] Report REP-0260 is valid
2026-09-08 17:20:37 [INF] Report REP-0261 is valid
2026-09-08 17:20:37 [INF] Report REP-0262 is valid
2026-09-08 17:20:37 [INF] Report REP-0263 is valid
2026-09-08 17:20:37 [INF] Report REP-0264 is valid
2026-09-08 17:20:37 [INF] Report REP-0265 is valid
2026-09-08 17:20:37 [INF] Report REP-0266 is valid
2026-09-08 17:20:37 [INF] Report REP-0267 is valid
2026-09-08 17:20:37 [INF] Report REP-0268 is valid
2026-09-08 17:20:37 [INF] Report REP-0269 is valid
2026-09-08 17:20:37 [INF] Report REP-0270 is valid
2026-09-08 17:20:37 [INF] Report REP-0271 is valid
2026-09-08 17:20:37 [INF] Report REP-0272 is valid
2026-09-08 17:20:37 [INF] Report REP-0273 is valid
2026-09-08 17:20:37 [INF] Report REP-0274 is valid
2026-09-08 17:20:37 [INF] Report REP-0275 is valid
2026-09-08 17:20:37 [INF] Report REP-0276 is valid
2026-09-08 17:20:37 [INF] Report REP-0277 is valid
2026-09-08 17:20:37 [INF] Report REP-0278 is valid
2026-09-08 17:20:37 [INF] Report REP-0279 is valid
2026-09-08 17:20:37 [INF] Report REP-0280 is valid
2026-09-08 17:20:37 [INF] Report REP-0281 is valid
2026-09-08 17:20:37 [INF] Report REP-0282 is valid
2026-09-08 17:20:37 [INF] Report REP-0283 is valid
2026-09-08 17:20:37 [INF] Report REP-0284 is valid
2026-09-08 17:20:37 [INF] Report REP-0285 is valid
2026-09-08 17:20:37 [INF] Report REP-0286 is valid
2026-09-08 17:20:37 [INF] Report REP-0287 is valid
2026-09-08 17:20:37 [INF] Report REP-0288 is valid
2026-09-08 17:20:37 [INF] Report REP-0289 is valid
2026-09-08 17:20:37 [INF] Report REP-0290 is valid
2026-09-08 17:20:37 [INF] Report REP-0291 is valid
2026-09-08 17:20:37 [INF] Report REP-0292 is valid
2026-09-08 17:20:37 [INF] Report REP-0293 is valid
2026-09-08 17:20:37 [INF] Report REP-0294 is valid
2026-09-08 17:20:37 [INF] Report REP-0295 is valid
2026-09-08 17:20:37 [INF] Report REP-0296 is valid
2026-09-08 17:20:37 [INF] Report REP-0297 is valid
2026-09-08 17:20:37 [INF] Report REP-0298 is valid
2026-09-08 17:20:37 [INF] Report REP-0299 is valid
2026-09-08 17:20:37 [INF] Report REP-0300 is valid
2026-09-08 17:20:37 [INF] Report REP-0301 is valid
2026-09-08 17:20:37 [INF] Report REP-0302 is valid
2026-09-08 17:20:37 [INF] Report REP-0303 is valid
2026-09-08 17:20:37 [INF] Report REP-0304 is valid
2026-09-08 17:20:37 [INF] Report REP-0305 is valid
2026-09-08 17:20:37 [INF] Report REP-0306 is valid
2026-09-08 17:20:37 [INF] Report REP-0307 is valid
2026-09-08 17:20:37 [INF] Report REP-0308 is valid
2026-09-08 17:20:37 [INF] Report REP-0309 is valid
2026-09-08 17:20:37 [INF] Report REP-0310 is valid
2026-09-08 17:20:37 [INF] Report REP-0311 is valid
2026-09-08 17:20:37 [INF] Report REP-0312 is valid
2026-09-08 17:20:37 [INF] Report REP-0313 is valid
2026-09-08 17:20:37 [INF] Report REP-0314 is valid
2026-09-08 17:20:37 [INF] Report REP-0315 is valid
2026-09-08 17:20:37 [INF] Report REP-0316 is valid
2026-09-08 17:20:37 [INF] Report REP-0317 is valid
2026-09-08 17:20:37 [INF] Report REP-0318 is valid
2026-09-08 17:20:37 [INF] Report REP-0319 is valid
2026-09-08 17:20:37 [INF] Report REP-0320 is valid
2026-09-08 17:20:37 [INF] Report REP-0321 is valid
2026-09-08 17:20:37 [INF] Report REP-0322 is valid
2026-09-08 17:20:37 [INF] Report REP-0323 is valid
2026-09-08 17:20:37 [INF] Report REP-0324 is valid
2026-09-08 17:20:37 [INF] Report REP-0325 is valid
2026-09-08 17:20:37 [INF] Report REP-0326 is valid
2026-09-08 17:20:37 [INF] Report REP-0327 is valid
2026-09-08 17:20:37 [INF] Report REP-0328 is valid
2026-09-08 17:20:37 [INF] Report REP-0329 is valid
2026-09-08 17:20:37 [INF] Report REP-0330 is valid
2026-09-08 17:20:37 [INF] Report REP-0331 is valid
2026-09-08 17:20:37 [INF] Report REP-0332 is valid
2026-09-08 17:20:37 [INF] Report REP-0333 is valid
2026-09-08 17:20:37 [INF] Report REP-0334 is valid
2026-09-08 17:20:37 [INF] Report REP-0335 is valid
2026-09-08 17:20:37 [INF] Report REP-0336 is valid
2026-09-08 17:20:37 [INF] Report REP-0337 is valid
2026-09-08 17:20:37 [INF] Report REP-0338 is valid
2026-09-08 17:20:37 [INF] Report REP-0339 is valid
2026-09-08 17:20:37 [INF] Report REP-0340 is valid
2026-09-08 17:20:37 [INF] Report REP-0341 is valid
2026-09-08 17:20:37 [INF] Report REP-0342 is valid
2026-09-08 17:20:37 [INF] Report REP-0343 is valid
2026-09-08 17:20:37 [INF] Report REP-0344 is valid
2026-09-08 17:20:37 [INF] Report REP-0345 is valid
2026-09-08 17:20:37 [INF] Report REP-0346 is valid
2026-09-08 17:20:37 [INF] Report REP-0347 is valid
2026-09-08 17:20:37 [INF] Report REP-0348 is valid
2026-09-08 17:20:37 [INF] Report REP-0349 is valid
2026-09-08 17:20:37 [INF] Report REP-0350 is valid
2026-09-08 17:20:37 [INF] Report REP-0351 is valid
2026-09-08 17:20:37 [INF] Report REP-0352 is valid
2026-09-08 17:20:37 [INF] Report REP-0353 is valid
2026-09-08 17:20:37 [INF] Report REP-0354 is valid
2026-09-08 17:20:37 [INF] Report REP-0355 is valid
2026-09-08 17:20:37 [INF] Report REP-0356 is valid
2026-09-08 17:20:37 [INF] Report REP-0357 is valid
2026-09-08 17:20:37 [INF] Report REP-0358 is valid
2026-09-08 17:20:37 [INF] Report REP-0359 is valid
2026-09-08 17:20:37 [INF] Report REP-0360 is valid
2026-09-08 17:20:37 [INF] Report REP-0361 is valid
2026-09-08 17:20:37 [INF] Report REP-0362 is valid
2026-09-08 17:20:37 [INF] Report REP-0363 is valid
2026-09-08 17:20:37 [INF] Report REP-0364 is valid
2026-09-08 17:20:37 [INF] Report REP-0365 is valid
2026-09-08 17:20:37 [INF] Report REP-0366 is valid
2026-09-08 17:20:37 [INF] Report REP-0367 is valid
2026-09-08 17:20:37 [INF] Report REP-0368 is valid
2026-09-08 17:20:37 [INF] Report REP-0369 is valid
2026-09-08 17:20:37 [INF] Report REP-0370 is valid
2026-09-08 17:20:37 [INF] Report REP-0371 is valid
2026-09-08 17:20:37 [INF] Report REP-0372 is valid
2026-09-08 17:20:37 [INF] Report REP-0373 is valid
2026-09-08 17:20:37 [INF] Report REP-0374 is valid
2026-09-08 17:20:37 [INF] Report REP-0375 is valid
2026-09-08 17:20:37 [INF] Report REP-0376 is valid
2026-09-08 17:20:37 [INF] Report REP-0377 is valid
2026-09-08 17:20:37 [INF] Report REP-0378 is valid
2026-09-08 17:20:37 [INF] Report REP-0379 is valid
2026-09-08 17:20:37 [INF] Report REP-0380 is valid
2026-09-08 17:20:37 [INF] Report REP-0381 is valid
2026-09-08 17:20:37 [INF] Report REP-0382 is valid
2026-09-08 17:20:37 [INF] Report REP-0383 is valid
2026-09-08 17:20:37 [INF] Report REP-0384 is valid
2026-09-08 17:20:37 [INF] Report REP-0385 is valid
2026-09-08 17:20:37 [INF] Report REP-0386 is valid
2026-09-08 17:20:37 [INF] Report REP-0387 is valid
2026-09-08 17:20:37 [INF] Report REP-0388 is valid
2026-09-08 17:20:37 [INF] Report REP-0389 is valid
2026-09-08 17:20:37 [INF] Report REP-0390 is valid
2026-09-08 17:20:37 [INF] Report REP-0391 is valid
2026-09-08 17:20:37 [INF] Report REP-0392 is valid
2026-09-08 17:20:37 [INF] Report REP-0393 is valid
2026-09-08 17:20:37 [INF] Report REP-0394 is valid
2026-09-08 17:20:37 [INF] Report REP-0395 is valid
2026-09-08 17:20:37 [INF] Report REP-0396 is valid
2026-09-08 17:20:37 [INF] Report REP-0397 is valid
2026-09-08 17:20:37 [INF] Report REP-0398 is valid
2026-09-08 17:20:37 [INF] Report REP-0399 is valid
2026-09-08 17:20:37 [INF] Report REP-0400 is valid
2026-09-08 17:20:37 [WRN] Report REP-0401 rejected: message is missing
2026-09-08 17:20:37 [WRN] Report REP-0402 rejected: unit is missing
2026-09-08 17:20:37 [WRN] Report REP-0403 rejected: sourceType is missing
2026-09-08 17:20:37 [WRN] Report REP-0404 rejected: message is missing
2026-09-08 17:20:37 [WRN] Report REP-0405 rejected: theater is missing
2026-09-08 17:20:37 [WRN] Report rejected because the JSON is invalid: The JSON value could not be converted to System.Nullable`1[Consumer.Models.ReportType]. Path: $.reportType | LineNumber: 0 | BytePositionInLine: 188.
2026-09-08 17:20:37 [WRN] Report rejected because the JSON is invalid: The JSON value could not be converted to System.Nullable`1[System.DateTimeOffset]. Path: $.timestamp | LineNumber: 0 | BytePositionInLine: 36.
2026-09-08 17:20:37 [WRN] Report rejected because the JSON is invalid: The JSON value could not be converted to System.Nullable`1[System.DateTimeOffset]. Path: $.timestamp | LineNumber: 0 | BytePositionInLine: 33.
2026-09-08 17:20:37 [WRN] Report rejected because the JSON is invalid: The JSON value could not be converted to System.Nullable`1[Consumer.Models.ReportPriority]. Path: $.priority | LineNumber: 0 | BytePositionInLine: 212.
2026-09-08 17:20:37 [WRN] Report REP-0410 rejected: priority 'HIGH' is not allowed
2026-09-08 17:20:37 [WRN] Report rejected because the JSON is invalid: The JSON value could not be converted to System.Nullable`1[Consumer.Models.ReportType]. Path: $.reportType | LineNumber: 0 | BytePositionInLine: 194.
2026-09-08 17:20:37 [WRN] Report rejected because the JSON is invalid: The JSON value could not be converted to System.Nullable`1[Consumer.Models.ReportType]. Path: $.reportType | LineNumber: 0 | BytePositionInLine: 190.
2026-09-08 17:20:37 [INF] Report REP-0413 is valid
2026-09-08 17:20:37 [INF] Report REP-0414 is valid
2026-09-08 17:20:37 [WRN] Report REP-0415 rejected: subjectId and subjectType must appear together
2026-09-08 17:20:37 [WRN] Report REP-0416 rejected: subjectId and subjectType must appear together
2026-09-08 17:20:37 [WRN] Report REP-0417 rejected: subjectId and subjectType must appear together
2026-09-08 17:20:37 [WRN] Report REP-0418 rejected: subjectId and subjectType must appear together
2026-09-08 17:20:37 [INF] Report REP-0419 is valid
2026-09-08 17:20:37 [INF] Report REP-0420 is valid
2026-09-08 17:20:37 [INF] Report REP-0001 is valid
2026-09-08 17:20:37 [INF] Report REP-0002 is valid
2026-09-08 17:20:37 [INF] Report REP-0003 is valid
2026-09-08 17:20:37 [INF] Report REP-0004 is valid
2026-09-08 17:20:37 [INF] Report REP-0005 is valid
2026-09-08 17:20:37 [INF] Report REP-0006 is valid
2026-09-08 17:20:37 [INF] Report REP-0007 is valid
2026-09-08 17:20:37 [INF] Report REP-0008 is valid
2026-09-08 17:20:37 [INF] Report REP-0009 is valid
2026-09-08 17:20:37 [INF] Report REP-0010 is valid
2026-09-08 17:20:37 [INF] Report REP-0011 is valid
2026-09-08 17:20:37 [INF] Report REP-0012 is valid
2026-09-08 17:20:37 [INF] Report REP-0013 is valid
2026-09-08 17:20:37 [INF] Report REP-0014 is valid
2026-09-08 17:20:37 [INF] Report REP-0015 is valid
2026-09-08 17:20:37 [INF] Report REP-0016 is valid
2026-09-08 17:20:37 [INF] Report REP-0017 is valid
2026-09-08 17:20:37 [INF] Report REP-0018 is valid
2026-09-08 17:20:37 [INF] Report REP-0019 is valid
2026-09-08 17:20:37 [INF] Report REP-0020 is valid
2026-09-08 17:20:37 [INF] Report REP-0021 is valid
2026-09-08 17:20:37 [INF] Report REP-0022 is valid
2026-09-08 17:20:37 [INF] Report REP-0023 is valid
2026-09-08 17:20:37 [INF] Report REP-0024 is valid
2026-09-08 17:20:37 [INF] Report REP-0025 is valid
2026-09-08 17:20:37 [INF] Report REP-0026 is valid
2026-09-08 17:20:37 [INF] Report REP-0027 is valid
2026-09-08 17:20:37 [INF] Report REP-0028 is valid
2026-09-08 17:20:37 [INF] Report REP-0029 is valid
2026-09-08 17:20:37 [INF] Report REP-0030 is valid
2026-09-08 17:20:37 [INF] Report REP-0031 is valid
2026-09-08 17:20:37 [INF] Report REP-0032 is valid
2026-09-08 17:20:37 [INF] Report REP-0033 is valid
2026-09-08 17:20:37 [INF] Report REP-0034 is valid
2026-09-08 17:20:37 [INF] Report REP-0035 is valid
2026-09-08 17:20:37 [INF] Report REP-0036 is valid
2026-09-08 17:20:37 [INF] Report REP-0037 is valid
2026-09-08 17:20:37 [INF] Report REP-0038 is valid
2026-09-08 17:20:37 [INF] Report REP-0039 is valid
2026-09-08 17:20:37 [INF] Report REP-0040 is valid
2026-09-08 17:20:37 [INF] Report REP-0041 is valid
2026-09-08 17:20:37 [INF] Report REP-0042 is valid
2026-09-08 17:20:37 [INF] Report REP-0043 is valid
2026-09-08 17:20:37 [INF] Report REP-0044 is valid
2026-09-08 17:20:37 [INF] Report REP-0045 is valid
2026-09-08 17:20:37 [INF] Report REP-0046 is valid
2026-09-08 17:20:37 [INF] Report REP-0047 is valid
2026-09-08 17:20:37 [INF] Report REP-0048 is valid
2026-09-08 17:20:37 [INF] Report REP-0049 is valid
2026-09-08 17:20:37 [INF] Report REP-0050 is valid
2026-09-08 17:20:37 [INF] Report REP-0051 is valid
2026-09-08 17:20:37 [INF] Report REP-0052 is valid
2026-09-08 17:20:37 [INF] Report REP-0053 is valid
2026-09-08 17:20:37 [INF] Report REP-0054 is valid
2026-09-08 17:20:37 [INF] Report REP-0055 is valid
2026-09-08 17:20:37 [INF] Report REP-0056 is valid
2026-09-08 17:20:37 [INF] Report REP-0057 is valid
2026-09-08 17:20:37 [INF] Report REP-0058 is valid
2026-09-08 17:20:37 [INF] Report REP-0059 is valid
2026-09-08 17:20:37 [INF] Report REP-0060 is valid
2026-09-08 17:20:37 [INF] Report REP-0061 is valid
2026-09-08 17:20:37 [INF] Report REP-0062 is valid
2026-09-08 17:20:37 [INF] Report REP-0063 is valid
2026-09-08 17:20:37 [INF] Report REP-0064 is valid
2026-09-08 17:20:37 [INF] Report REP-0065 is valid
2026-09-08 17:20:37 [INF] Report REP-0066 is valid
2026-09-08 17:20:37 [INF] Report REP-0067 is valid
2026-09-08 17:20:37 [INF] Report REP-0068 is valid
2026-09-08 17:20:37 [INF] Report REP-0069 is valid
2026-09-08 17:20:37 [INF] Report REP-0070 is valid
2026-09-08 17:20:37 [INF] Report REP-0071 is valid
2026-09-08 17:20:37 [INF] Report REP-0072 is valid
2026-09-08 17:20:37 [INF] Report REP-0073 is valid
2026-09-08 17:20:37 [INF] Report REP-0074 is valid
2026-09-08 17:20:37 [INF] Report REP-0075 is valid
2026-09-08 17:20:37 [INF] Report REP-0076 is valid
2026-09-08 17:20:37 [INF] Report REP-0077 is valid
2026-09-08 17:20:37 [INF] Report REP-0078 is valid
2026-09-08 17:20:37 [INF] Report REP-0079 is valid
2026-09-08 17:20:37 [INF] Report REP-0080 is valid
2026-09-08 17:20:37 [INF] Report REP-0081 is valid
2026-09-08 17:20:37 [INF] Report REP-0082 is valid
2026-09-08 17:20:37 [INF] Report REP-0083 is valid
2026-09-08 17:20:37 [INF] Report REP-0084 is valid
2026-09-08 17:20:37 [INF] Report REP-0085 is valid
2026-09-08 17:20:37 [INF] Report REP-0086 is valid
2026-09-08 17:20:37 [INF] Report REP-0087 is valid
2026-09-08 17:20:37 [INF] Report REP-0088 is valid
2026-09-08 17:20:37 [INF] Report REP-0089 is valid
2026-09-08 17:20:37 [INF] Report REP-0090 is valid
2026-09-08 17:20:37 [INF] Report REP-0091 is valid
2026-09-08 17:20:37 [INF] Report REP-0092 is valid
2026-09-08 17:20:37 [INF] Report REP-0093 is valid
2026-09-08 17:20:37 [INF] Report REP-0094 is valid
2026-09-08 17:20:37 [INF] Report REP-0095 is valid
2026-09-08 17:20:37 [INF] Report REP-0096 is valid
2026-09-08 17:20:37 [INF] Report REP-0097 is valid
2026-09-08 17:20:37 [INF] Report REP-0098 is valid
2026-09-08 17:20:37 [INF] Report REP-0099 is valid
2026-09-08 17:20:37 [INF] Report REP-0100 is valid
2026-09-08 17:20:37 [INF] Report REP-0101 is valid
2026-09-08 17:20:37 [INF] Report REP-0102 is valid
2026-09-08 17:20:37 [INF] Report REP-0103 is valid
2026-09-08 17:20:37 [INF] Report REP-0104 is valid
2026-09-08 17:20:37 [INF] Report REP-0105 is valid
2026-09-08 17:20:37 [INF] Report REP-0106 is valid
2026-09-08 17:20:37 [INF] Report REP-0107 is valid
2026-09-08 17:20:37 [INF] Report REP-0108 is valid
2026-09-08 17:20:37 [INF] Report REP-0109 is valid
2026-09-08 17:20:37 [INF] Report REP-0110 is valid
2026-09-08 17:20:37 [INF] Report REP-0111 is valid
2026-09-08 17:20:37 [INF] Report REP-0112 is valid
2026-09-08 17:20:37 [INF] Report REP-0113 is valid
2026-09-08 17:20:37 [INF] Report REP-0114 is valid
2026-09-08 17:20:37 [INF] Report REP-0115 is valid
2026-09-08 17:20:37 [INF] Report REP-0116 is valid
2026-09-08 17:20:37 [INF] Report REP-0117 is valid
2026-09-08 17:20:37 [INF] Report REP-0118 is valid
2026-09-08 17:20:37 [INF] Report REP-0119 is valid
2026-09-08 17:20:37 [INF] Report REP-0120 is valid
2026-09-08 17:20:37 [INF] Report REP-0121 is valid
2026-09-08 17:20:37 [INF] Report REP-0122 is valid
2026-09-08 17:20:37 [INF] Report REP-0123 is valid
2026-09-08 17:20:37 [INF] Report REP-0124 is valid
2026-09-08 17:20:37 [INF] Report REP-0125 is valid
2026-09-08 17:20:37 [INF] Report REP-0126 is valid
2026-09-08 17:20:37 [INF] Report REP-0127 is valid
2026-09-08 17:20:37 [INF] Report REP-0128 is valid
2026-09-08 17:20:37 [INF] Report REP-0129 is valid
2026-09-08 17:20:37 [INF] Report REP-0130 is valid
2026-09-08 17:20:37 [INF] Report REP-0131 is valid
2026-09-08 17:20:37 [INF] Report REP-0132 is valid
2026-09-08 17:20:37 [INF] Report REP-0133 is valid
2026-09-08 17:20:37 [INF] Report REP-0134 is valid
2026-09-08 17:20:37 [INF] Report REP-0135 is valid
2026-09-08 17:20:37 [INF] Report REP-0136 is valid
2026-09-08 17:20:37 [INF] Report REP-0137 is valid
2026-09-08 17:20:37 [INF] Report REP-0138 is valid
2026-09-08 17:20:37 [INF] Report REP-0139 is valid
2026-09-08 17:20:37 [INF] Report REP-0140 is valid
2026-09-08 17:20:37 [INF] Report REP-0141 is valid
2026-09-08 17:20:37 [INF] Report REP-0142 is valid
2026-09-08 17:20:37 [INF] Report REP-0143 is valid
2026-09-08 17:20:37 [INF] Report REP-0144 is valid
2026-09-08 17:20:37 [INF] Report REP-0145 is valid
2026-09-08 17:20:37 [INF] Report REP-0146 is valid
2026-09-08 17:20:37 [INF] Report REP-0147 is valid
2026-09-08 17:20:37 [INF] Report REP-0148 is valid
2026-09-08 17:20:37 [INF] Report REP-0149 is valid
2026-09-08 17:20:37 [INF] Report REP-0150 is valid
2026-09-08 17:20:37 [INF] Report REP-0151 is valid
2026-09-08 17:20:37 [INF] Report REP-0152 is valid
2026-09-08 17:20:37 [INF] Report REP-0153 is valid
2026-09-08 17:20:37 [INF] Report REP-0154 is valid
2026-09-08 17:20:37 [INF] Report REP-0155 is valid
2026-09-08 17:20:37 [INF] Report REP-0156 is valid
2026-09-08 17:20:37 [INF] Report REP-0157 is valid
2026-09-08 17:20:37 [INF] Report REP-0158 is valid
2026-09-08 17:20:37 [INF] Report REP-0159 is valid
2026-09-08 17:20:37 [INF] Report REP-0160 is valid
2026-09-08 17:20:37 [INF] Report REP-0161 is valid
2026-09-08 17:20:37 [INF] Report REP-0162 is valid
2026-09-08 17:20:37 [INF] Report REP-0163 is valid
2026-09-08 17:20:37 [INF] Report REP-0164 is valid
2026-09-08 17:20:37 [INF] Report REP-0165 is valid
2026-09-08 17:20:37 [INF] Report REP-0166 is valid
2026-09-08 17:20:37 [INF] Report REP-0167 is valid
2026-09-08 17:20:37 [INF] Report REP-0168 is valid
2026-09-08 17:20:37 [INF] Report REP-0169 is valid
2026-09-08 17:20:37 [INF] Report REP-0170 is valid
2026-09-08 17:20:37 [INF] Report REP-0171 is valid
2026-09-08 17:20:37 [INF] Report REP-0172 is valid
2026-09-08 17:20:37 [INF] Report REP-0173 is valid
2026-09-08 17:20:37 [INF] Report REP-0174 is valid
2026-09-08 17:20:37 [INF] Report REP-0175 is valid
2026-09-08 17:20:37 [INF] Report REP-0176 is valid
2026-09-08 17:20:37 [INF] Report REP-0177 is valid
2026-09-08 17:20:37 [INF] Report REP-0178 is valid
2026-09-08 17:20:37 [INF] Report REP-0179 is valid
2026-09-08 17:20:37 [INF] Report REP-0180 is valid
2026-09-08 17:20:37 [INF] Report REP-0181 is valid
2026-09-08 17:20:37 [INF] Report REP-0182 is valid
2026-09-08 17:20:37 [INF] Report REP-0183 is valid
2026-09-08 17:20:37 [INF] Report REP-0184 is valid
2026-09-08 17:20:37 [INF] Report REP-0185 is valid
2026-09-08 17:20:37 [INF] Report REP-0186 is valid
2026-09-08 17:20:37 [INF] Report REP-0187 is valid
2026-09-08 17:20:37 [INF] Report REP-0188 is valid
2026-09-08 17:20:37 [INF] Report REP-0189 is valid
2026-09-08 17:20:37 [INF] Report REP-0190 is valid
2026-09-08 17:20:37 [INF] Report REP-0191 is valid
2026-09-08 17:20:37 [INF] Report REP-0192 is valid
2026-09-08 17:20:37 [INF] Report REP-0193 is valid
2026-09-08 17:20:37 [INF] Report REP-0194 is valid
2026-09-08 17:20:37 [INF] Report REP-0195 is valid
2026-09-08 17:20:37 [INF] Report REP-0196 is valid
2026-09-08 17:20:37 [INF] Report REP-0197 is valid
2026-09-08 17:20:37 [INF] Report REP-0198 is valid
2026-09-08 17:20:37 [INF] Report REP-0199 is valid
2026-09-08 17:20:37 [INF] Report REP-0200 is valid
2026-09-08 17:20:37 [INF] Report REP-0201 is valid
2026-09-08 17:20:37 [INF] Report REP-0202 is valid
2026-09-08 17:20:37 [INF] Report REP-0203 is valid
2026-09-08 17:20:37 [INF] Report REP-0204 is valid
2026-09-08 17:20:37 [INF] Report REP-0205 is valid
2026-09-08 17:20:37 [INF] Report REP-0206 is valid
2026-09-08 17:20:37 [INF] Report REP-0207 is valid
2026-09-08 17:20:37 [INF] Report REP-0208 is valid
2026-09-08 17:20:37 [INF] Report REP-0209 is valid
2026-09-08 17:20:37 [INF] Report REP-0210 is valid
2026-09-08 17:20:37 [INF] Report REP-0211 is valid
2026-09-08 17:20:37 [INF] Report REP-0212 is valid
2026-09-08 17:20:37 [INF] Report REP-0213 is valid
2026-09-08 17:20:37 [INF] Report REP-0214 is valid
2026-09-08 17:20:37 [INF] Report REP-0215 is valid
2026-09-08 17:20:37 [INF] Report REP-0216 is valid
2026-09-08 17:20:37 [INF] Report REP-0217 is valid
2026-09-08 17:20:37 [INF] Report REP-0218 is valid
2026-09-08 17:20:37 [INF] Report REP-0219 is valid
2026-09-08 17:20:37 [INF] Report REP-0220 is valid
2026-09-08 17:20:37 [INF] Report REP-0221 is valid
2026-09-08 17:20:37 [INF] Report REP-0222 is valid
2026-09-08 17:20:37 [INF] Report REP-0223 is valid
2026-09-08 17:20:37 [INF] Report REP-0224 is valid
2026-09-08 17:20:37 [INF] Report REP-0225 is valid
2026-09-08 17:20:37 [INF] Report REP-0226 is valid
2026-09-08 17:20:37 [INF] Report REP-0227 is valid
2026-09-08 17:20:37 [INF] Report REP-0228 is valid
2026-09-08 17:20:37 [INF] Report REP-0229 is valid
2026-09-08 17:20:37 [INF] Report REP-0230 is valid
2026-09-08 17:20:37 [INF] Report REP-0231 is valid
2026-09-08 17:20:37 [INF] Report REP-0232 is valid
2026-09-08 17:20:37 [INF] Report REP-0233 is valid
2026-09-08 17:20:37 [INF] Report REP-0234 is valid
2026-09-08 17:20:37 [INF] Report REP-0235 is valid
2026-09-08 17:20:37 [INF] Report REP-0236 is valid
2026-09-08 17:20:37 [INF] Report REP-0237 is valid
2026-09-08 17:20:37 [INF] Report REP-0238 is valid
2026-09-08 17:20:37 [INF] Report REP-0239 is valid
2026-09-08 17:20:37 [INF] Report REP-0240 is valid
2026-09-08 17:20:37 [INF] Report REP-0241 is valid
2026-09-08 17:20:37 [INF] Report REP-0242 is valid
2026-09-08 17:20:37 [INF] Report REP-0243 is valid
2026-09-08 17:20:37 [INF] Report REP-0244 is valid
2026-09-08 17:20:37 [INF] Report REP-0245 is valid
2026-09-08 17:20:37 [INF] Report REP-0246 is valid
2026-09-08 17:20:37 [INF] Report REP-0247 is valid
2026-09-08 17:20:37 [INF] Report REP-0248 is valid
2026-09-08 17:20:37 [INF] Report REP-0249 is valid
2026-09-08 17:20:37 [INF] Report REP-0250 is valid
2026-09-08 17:20:37 [INF] Report REP-0251 is valid
2026-09-08 17:20:37 [INF] Report REP-0252 is valid
2026-09-08 17:20:37 [INF] Report REP-0253 is valid
2026-09-08 17:20:37 [INF] Report REP-0254 is valid
2026-09-08 17:20:37 [INF] Report REP-0255 is valid
2026-09-08 17:20:37 [INF] Report REP-0256 is valid
2026-09-08 17:20:37 [INF] Report REP-0257 is valid
2026-09-08 17:20:37 [INF] Report REP-0258 is valid
2026-09-08 17:20:37 [INF] Report REP-0259 is valid
2026-09-08 17:20:37 [INF] Report REP-0260 is valid
2026-09-08 17:20:37 [INF] Report REP-0261 is valid
2026-09-08 17:20:37 [INF] Report REP-0262 is valid
2026-09-08 17:20:37 [INF] Report REP-0263 is valid
2026-09-08 17:20:37 [INF] Report REP-0264 is valid
2026-09-08 17:20:37 [INF] Report REP-0265 is valid
2026-09-08 17:20:37 [INF] Report REP-0266 is valid
2026-09-08 17:20:37 [INF] Report REP-0267 is valid
2026-09-08 17:20:37 [INF] Report REP-0268 is valid
2026-09-08 17:20:37 [INF] Report REP-0269 is valid
2026-09-08 17:20:37 [INF] Report REP-0270 is valid
2026-09-08 17:20:37 [INF] Report REP-0271 is valid
2026-09-08 17:20:37 [INF] Report REP-0272 is valid
2026-09-08 17:20:37 [INF] Report REP-0273 is valid
2026-09-08 17:20:37 [INF] Report REP-0274 is valid
2026-09-08 17:20:37 [INF] Report REP-0275 is valid
2026-09-08 17:20:37 [INF] Report REP-0276 is valid
2026-09-08 17:20:37 [INF] Report REP-0277 is valid
2026-09-08 17:20:37 [INF] Report REP-0278 is valid
2026-09-08 17:20:37 [INF] Report REP-0279 is valid
2026-09-08 17:20:37 [INF] Report REP-0280 is valid
2026-09-08 17:20:37 [INF] Report REP-0281 is valid
2026-09-08 17:20:37 [INF] Report REP-0282 is valid
2026-09-08 17:20:37 [INF] Report REP-0283 is valid
2026-09-08 17:20:37 [INF] Report REP-0284 is valid
2026-09-08 17:20:37 [INF] Report REP-0285 is valid
2026-09-08 17:20:37 [INF] Report REP-0286 is valid
2026-09-08 17:20:37 [INF] Report REP-0287 is valid
2026-09-08 17:20:37 [INF] Report REP-0288 is valid
2026-09-08 17:20:37 [INF] Report REP-0289 is valid
2026-09-08 17:20:37 [INF] Report REP-0290 is valid
2026-09-08 17:20:37 [INF] Report REP-0291 is valid
2026-09-08 17:20:37 [INF] Report REP-0292 is valid
2026-09-08 17:20:37 [INF] Report REP-0293 is valid
2026-09-08 17:20:37 [INF] Report REP-0294 is valid
2026-09-08 17:20:37 [INF] Report REP-0295 is valid
2026-09-08 17:20:37 [INF] Report REP-0296 is valid
2026-09-08 17:20:37 [INF] Report REP-0297 is valid
2026-09-08 17:20:37 [INF] Report REP-0298 is valid
2026-09-08 17:20:37 [INF] Report REP-0299 is valid
2026-09-08 17:20:37 [INF] Report REP-0300 is valid
2026-09-08 17:20:37 [INF] Report REP-0301 is valid
2026-09-08 17:20:37 [INF] Report REP-0302 is valid
2026-09-08 17:20:37 [INF] Report REP-0303 is valid
2026-09-08 17:20:37 [INF] Report REP-0304 is valid
2026-09-08 17:20:37 [INF] Report REP-0305 is valid
2026-09-08 17:20:37 [INF] Report REP-0306 is valid
2026-09-08 17:20:37 [INF] Report REP-0307 is valid
2026-09-08 17:20:37 [INF] Report REP-0308 is valid
2026-09-08 17:20:37 [INF] Report REP-0309 is valid
2026-09-08 17:20:37 [INF] Report REP-0310 is valid
2026-09-08 17:20:37 [INF] Report REP-0311 is valid
2026-09-08 17:20:37 [INF] Report REP-0312 is valid
2026-09-08 17:20:37 [INF] Report REP-0313 is valid
2026-09-08 17:20:37 [INF] Report REP-0314 is valid
2026-09-08 17:20:37 [INF] Report REP-0315 is valid
2026-09-08 17:20:37 [INF] Report REP-0316 is valid
2026-09-08 17:20:37 [INF] Report REP-0317 is valid
2026-09-08 17:20:37 [INF] Report REP-0318 is valid
2026-09-08 17:20:37 [INF] Report REP-0319 is valid
2026-09-08 17:20:37 [INF] Report REP-0320 is valid
2026-09-08 17:20:37 [INF] Report REP-0321 is valid
2026-09-08 17:20:37 [INF] Report REP-0322 is valid
2026-09-08 17:20:37 [INF] Report REP-0323 is valid
2026-09-08 17:20:37 [INF] Report REP-0324 is valid
2026-09-08 17:20:37 [INF] Report REP-0325 is valid
2026-09-08 17:20:37 [INF] Report REP-0326 is valid
2026-09-08 17:20:37 [INF] Report REP-0327 is valid
2026-09-08 17:20:37 [INF] Report REP-0328 is valid
2026-09-08 17:20:37 [INF] Report REP-0329 is valid
2026-09-08 17:20:37 [INF] Report REP-0330 is valid
2026-09-08 17:20:37 [INF] Report REP-0331 is valid
2026-09-08 17:20:37 [INF] Report REP-0332 is valid
2026-09-08 17:20:37 [INF] Report REP-0333 is valid
2026-09-08 17:20:37 [INF] Report REP-0334 is valid
2026-09-08 17:20:37 [INF] Report REP-0335 is valid
2026-09-08 17:20:37 [INF] Report REP-0336 is valid
2026-09-08 17:20:37 [INF] Report REP-0337 is valid
2026-09-08 17:20:37 [INF] Report REP-0338 is valid
2026-09-08 17:20:37 [INF] Report REP-0339 is valid
2026-09-08 17:20:37 [INF] Report REP-0340 is valid
2026-09-08 17:20:37 [INF] Report REP-0341 is valid
2026-09-08 17:20:37 [INF] Report REP-0342 is valid
2026-09-08 17:20:37 [INF] Report REP-0343 is valid
2026-09-08 17:20:37 [INF] Report REP-0344 is valid
2026-09-08 17:20:37 [INF] Report REP-0345 is valid
2026-09-08 17:20:37 [INF] Report REP-0346 is valid
2026-09-08 17:20:37 [INF] Report REP-0347 is valid
2026-09-08 17:20:37 [INF] Report REP-0348 is valid
2026-09-08 17:20:37 [INF] Report REP-0349 is valid
2026-09-08 17:20:37 [INF] Report REP-0350 is valid
2026-09-08 17:20:37 [INF] Report REP-0351 is valid
2026-09-08 17:20:37 [INF] Report REP-0352 is valid
2026-09-08 17:20:37 [INF] Report REP-0353 is valid
2026-09-08 17:20:37 [INF] Report REP-0354 is valid
2026-09-08 17:20:37 [INF] Report REP-0355 is valid
2026-09-08 17:20:37 [INF] Report REP-0356 is valid
2026-09-08 17:20:37 [INF] Report REP-0357 is valid
2026-09-08 17:20:37 [INF] Report REP-0358 is valid
2026-09-08 17:20:37 [INF] Report REP-0359 is valid
2026-09-08 17:20:37 [INF] Report REP-0360 is valid
2026-09-08 17:20:37 [INF] Report REP-0361 is valid
2026-09-08 17:20:37 [INF] Report REP-0362 is valid
2026-09-08 17:20:37 [INF] Report REP-0363 is valid
2026-09-08 17:20:37 [INF] Report REP-0364 is valid
2026-09-08 17:20:37 [INF] Report REP-0365 is valid
2026-09-08 17:20:37 [INF] Report REP-0366 is valid
2026-09-08 17:20:37 [INF] Report REP-0367 is valid
2026-09-08 17:20:37 [INF] Report REP-0368 is valid
2026-09-08 17:20:37 [INF] Report REP-0369 is valid
2026-09-08 17:20:37 [INF] Report REP-0370 is valid
2026-09-08 17:20:37 [INF] Report REP-0371 is valid
2026-09-08 17:20:37 [INF] Report REP-0372 is valid
2026-09-08 17:20:37 [INF] Report REP-0373 is valid
2026-09-08 17:20:37 [INF] Report REP-0374 is valid
2026-09-08 17:20:37 [INF] Report REP-0375 is valid
2026-09-08 17:20:37 [INF] Report REP-0376 is valid
2026-09-08 17:20:37 [INF] Report REP-0377 is valid
2026-09-08 17:20:37 [INF] Report REP-0378 is valid
2026-09-08 17:20:37 [INF] Report REP-0379 is valid
2026-09-08 17:20:37 [INF] Report REP-0380 is valid
2026-09-08 17:20:37 [INF] Report REP-0381 is valid
2026-09-08 17:20:37 [INF] Report REP-0382 is valid
2026-09-08 17:20:37 [INF] Report REP-0383 is valid
2026-09-08 17:20:37 [INF] Report REP-0384 is valid
2026-09-08 17:20:37 [INF] Report REP-0385 is valid
2026-09-08 17:20:37 [INF] Report REP-0386 is valid
2026-09-08 17:20:37 [INF] Report REP-0387 is valid
2026-09-08 17:20:37 [INF] Report REP-0388 is valid
2026-09-08 17:20:37 [INF] Report REP-0389 is valid
2026-09-08 17:20:37 [INF] Report REP-0390 is valid
2026-09-08 17:20:37 [INF] Report REP-0391 is valid
2026-09-08 17:20:37 [INF] Report REP-0392 is valid
2026-09-08 17:20:37 [INF] Report REP-0393 is valid
2026-09-08 17:20:37 [INF] Report REP-0394 is valid
2026-09-08 17:20:37 [INF] Report REP-0395 is valid
2026-09-08 17:20:37 [INF] Report REP-0396 is valid
2026-09-08 17:20:37 [INF] Report REP-0397 is valid
2026-09-08 17:20:37 [INF] Report REP-0398 is valid
2026-09-08 17:20:37 [INF] Report REP-0399 is valid
2026-09-08 17:20:37 [INF] Report REP-0400 is valid
2026-09-08 17:20:37 [WRN] Report REP-0401 rejected: message is missing
2026-09-08 17:20:37 [WRN] Report REP-0402 rejected: unit is missing
2026-09-08 17:20:37 [WRN] Report REP-0403 rejected: sourceType is missing
2026-09-08 17:20:37 [WRN] Report REP-0404 rejected: message is missing
2026-09-08 17:20:37 [WRN] Report REP-0405 rejected: theater is missing
2026-09-08 17:20:37 [WRN] Report rejected because the JSON is invalid: The JSON value could not be converted to System.Nullable`1[Consumer.Models.ReportType]. Path: $.reportType | LineNumber: 0 | BytePositionInLine: 188.
2026-09-08 17:20:37 [WRN] Report rejected because the JSON is invalid: The JSON value could not be converted to System.Nullable`1[System.DateTimeOffset]. Path: $.timestamp | LineNumber: 0 | BytePositionInLine: 36.
2026-09-08 17:20:37 [WRN] Report rejected because the JSON is invalid: The JSON value could not be converted to System.Nullable`1[System.DateTimeOffset]. Path: $.timestamp | LineNumber: 0 | BytePositionInLine: 33.
2026-09-08 17:20:37 [WRN] Report rejected because the JSON is invalid: The JSON value could not be converted to System.Nullable`1[Consumer.Models.ReportPriority]. Path: $.priority | LineNumber: 0 | BytePositionInLine: 212.
2026-09-08 17:20:37 [WRN] Report REP-0410 rejected: priority 'HIGH' is not allowed
2026-09-08 17:20:37 [WRN] Report rejected because the JSON is invalid: The JSON value could not be converted to System.Nullable`1[Consumer.Models.ReportType]. Path: $.reportType | LineNumber: 0 | BytePositionInLine: 194.
2026-09-08 17:20:37 [WRN] Report rejected because the JSON is invalid: The JSON value could not be converted to System.Nullable`1[Consumer.Models.ReportType]. Path: $.reportType | LineNumber: 0 | BytePositionInLine: 190.
2026-09-08 17:20:37 [INF] Report REP-0413 is valid
2026-09-08 17:20:37 [INF] Report REP-0414 is valid
2026-09-08 17:20:37 [WRN] Report REP-0415 rejected: subjectId and subjectType must appear together
2026-09-08 17:20:37 [WRN] Report REP-0416 rejected: subjectId and subjectType must appear together
2026-09-08 17:20:37 [WRN] Report REP-0417 rejected: subjectId and subjectType must appear together
2026-09-08 17:20:37 [WRN] Report REP-0418 rejected: subjectId and subjectType must appear together
2026-09-08 17:20:37 [INF] Report REP-0419 is valid
2026-09-08 17:20:37 [INF] Report REP-0420 is valid
2026-09-08 17:20:45 [INF] Consumer stopped
